Program,County,GRANTEE,DATE,GRANTKITS,ODHKITS,OTHKITS,TOTKITS,TRAINED,REVERSALS,,,
Adams County Health Department,Adams,No,2020-01-01,N/A,39,0,39,38,0,,,
Adams County Health Department,Adams,No,2020-02-01,N/A,23,0,23,19,3,,,
Adams County Health Department,Adams,No,2020-03-01,N/A,3,0,3,2,0,,,
Adams County Health Department,Adams,No,2020-04-01,N/A,2,0,2,2,0,,,
Adams County Health Department,Adams,No,2020-05-01,N/A,2,0,2,2,0,,,
Adams County Health Department,Adams,No,2020-06-01,N/A,9,0,9,9,3,,,
Adams County Health Department,Adams,No,2020-07-01,N/A,10,0,10,10,4,,,
Adams County Health Department,Adams,No,2020-08-01,N/A,3,0,3,3,3,,,
Adams County Health Department,Adams,No,2020-09-01,N/A,5,0,5,3,0,,,
Adams County Health Department,Adams,No,2020-10-01,N/A,18,0,18,16,4,,,
Adams County Health Department,Adams,No,2020-11-01,N/A,0,0,0,0,0,,,
Adams County Health Department,Adams,No,2020-12-01,N/A,3,0,3,3,2,,, 
AIDS Taskforce of Greater Cleveland,Cuyahoga,Yes,2020-01-01,47,0,0,47,47,5,,,
AIDS Taskforce of Greater Cleveland,Cuyahoga,Yes,2020-02-01,41,0,0,41,41,5,,,
AIDS Taskforce of Greater Cleveland,Cuyahoga,Yes,2020-03-01,51,0,0,51,51,4,,,
AIDS Taskforce of Greater Cleveland,Cuyahoga,Yes,2020-04-01,40,0,0,40,20,4,,,
AIDS Taskforce of Greater Cleveland,Cuyahoga,Yes,2020-05-01,113,0,0,113,56,4,,,
AIDS Taskforce of Greater Cleveland,Cuyahoga,Yes,2020-06-01,160,0,0,160,82,5,,,
AIDS Taskforce of Greater Cleveland,Cuyahoga,Yes,2020-07-01,179,0,0,179,89,12,,,
AIDS Taskforce of Greater Cleveland,Cuyahoga,Yes,2020-08-01,309,0,0,309,124,13,,,
AIDS Taskforce of Greater Cleveland,Cuyahoga,Yes,2020-09-01,97,0,0,97,49,5,,,
AIDS Taskforce of Greater Cleveland,Cuyahoga,Yes,2020-10-01,16,200,0,216,91,10,,,
AIDS Taskforce of Greater Cleveland,Cuyahoga,Yes,2020-11-01,0,62,0,62,30,9,,,
AIDS Taskforce of Greater Cleveland,Cuyahoga,Yes,2020-12-01,0,60,0,60,30,6,,,
Allen County Public Health,Allen,Yes,2020-01-01,18,18,7,43,48,3,,,
Allen County Public Health,Allen,Yes,2020-02-01,3,4,0,7,9,1,,,
Allen County Public Health,Allen,Yes,2020-03-01,7,1,0,8,19,1,,,
Allen County Public Health,Allen,Yes,2020-04-01,1,0,15,16,4,0,,,
Allen County Public Health,Allen,Yes,2020-05-01,3,0,0,3,4,0,,,
Allen County Public Health,Allen,Yes,2020-06-01,27,2,0,29,41,2,,,
Allen County Public Health,Allen,Yes,2020-07-01,5,2,0,7,15,3,,,
Allen County Public Health,Allen,Yes,2020-08-01,6,3,1,10,18,3,,,
Allen County Public Health,Allen,Yes,2020-09-01,4,5,0,9,17,0,,,
Allen County Public Health,Allen,Yes,2020-10-01,3,4,52,59,59,8,,,
Allen County Public Health,Allen,Yes,2020-11-01,11,10,76,97,105,10,,,
Allen County Public Health,Allen,Yes,2020-12-01,Not Received,Not Received,Not Received,Not Received,Not Received,Not Received,,,
Alliance City Health Department,Stark,No,2020-01-01,N/A,0,0,0,0,0,,,
Alliance City Health Department,Stark,No,2020-02-01,N/A,8,0,8,0,0,,,
Alliance City Health Department,Stark,No,2020-03-01,N/A,0,0,0,0,0,,,
Alliance City Health Department,Stark,No,2020-04-01,N/A,Not Received,Not Received,Not Received,Not Received,Not Received,,,
Alliance City Health Department,Stark,No,2020-05-01,N/A,Not Received,Not Received,Not Received,Not Received,Not Received,,,
Alliance City Health Department,Stark,No,2020-06-01,N/A,Not Received,Not Received,Not Received,Not Received,Not Received,,,
Alliance City Health Department,Stark,No,2020-07-01,N/A,Not Received,Not Received,Not Received,Not Received,Not Received,,,
Alliance City Health Department,Stark,No,2020-08-01,N/A,Not Received,Not Received,Not Received,Not Received,Not Received,,,
Alliance City Health Department,Stark,No,2020-09-01,N/A,Not Received,Not Received,Not Received,Not Received,Not Received,,,
Alliance City Health Department,Stark,No,2020-10-01,N/A,Not Received,Not Received,Not Received,Not Received,Not Received,,,
Alliance City Health Department,Stark,No,2020-11-01,N/A,Not Received,Not Received,Not Received,Not Received,Not Received,,,
Alliance City Health Department,Stark,No,2020-12-01,N/A,Not Received,Not Received,Not Received,Not Received,Not Received,,,
Ashtabula County Health Department,Ashtabula,No,2020-01-01,N/A,2,0,2,2,0,,,
Ashtabula County Health Department,Ashtabula,No,2020-02-01,N/A,30,0,30,14,0,,,
Ashtabula County Health Department,Ashtabula,No,2020-03-01,N/A,6,0,6,6,0,,,
Ashtabula County Health Department,Ashtabula,No,2020-04-01,N/A,0,0,0,0,0,,,
Ashtabula County Health Department,Ashtabula,No,2020-05-01,N/A,2,0,2,2,0,,,
Ashtabula County Health Department,Ashtabula,No,2020-06-01,N/A,4,0,4,1,0,,,
Ashtabula County Health Department,Ashtabula,No,2020-07-01,N/A,11,0,11,11,0,,,
Ashtabula County Health Department,Ashtabula,No,2020-08-01,N/A,35,0,35,21,0,,,
Ashtabula County Health Department,Ashtabula,No,2020-09-01,N/A,41,0,41,35,0,,,
Ashtabula County Health Department,Ashtabula,Yes,2020-10-01,0,53,0,53,36,0,,,
Ashtabula County Health Department,Ashtabula,Yes,2020-11-01,0,28,0,28,20,0,,,
Ashtabula County Health Department,Ashtabula,Yes,2020-12-01,0,12,0,12,6,0,,,
Athens City-County Health Department,Athens,No,2020-01-01,N/A,40,0,40,54,8,,,
Athens City-County Health Department,Athens,No,2020-02-01,N/A,64,1,65,90,25,,,
Athens City-County Health Department,Athens,No,2020-03-01,N/A,27,4,31,30,6,,,
Athens City-County Health Department,Athens,No,2020-04-01,N/A,0,0,0,0,0,,,
Athens City-County Health Department,Athens,No,2020-05-01,N/A,0,0,0,0,0,,,
Athens City-County Health Department,Athens,No,2020-06-01,N/A,16,0,16,16,5,,,
Athens City-County Health Department,Athens,No,2020-07-01,N/A,129,0,129,129,10,,,
Athens City-County Health Department,Athens,No,2020-08-01,N/A,93,0,93,93,16,,,
Athens City-County Health Department,Athens,No,2020-09-01,N/A,78,48,126,126,33,,,
Athens City-County Health Department,Athens,No,2020-10-01,N/A,65,2,67,67,11,,,
Athens City-County Health Department,Athens,No,2020-11-01,N/A,90,6,96,96,15,,,
Athens City-County Health Department,Athens,No,2020-12-01,N/A,70,0,70,70,14,,,
Belmont County Health Department,Belmont,Yes,2020-01-01,0,4,0,4,3,1,,,
Belmont County Health Department,Belmont,Yes,2020-02-01,0,36,0,36,46,0,,,
Belmont County Health Department,Belmont,Yes,2020-03-01,12,0,0,12,22,0,,,
Belmont County Health Department,Belmont,Yes,2020-04-01,1,0,0,1,1,1,,,
Belmont County Health Department,Belmont,Yes,2020-05-01,23,0,0,23,22,0,,,
Belmont County Health Department,Belmont,Yes,2020-06-01,13,0,0,13,12,0,,,
Belmont County Health Department,Belmont,Yes,2020-07-01,24,0,0,24,18,0,,,
Belmont County Health Department,Belmont,Yes,2020-08-01,25,0,0,25,12,0,,,
Belmont County Health Department,Belmont,Yes,2020-09-01,19,0,0,19,12,1,,,
Belmont County Health Department,Belmont,Yes,2020-10-01,28,0,0,28,40,0,,,
Belmont County Health Department,Belmont,Yes,2020-11-01,6,0,0,6,3,0,,,
Belmont County Health Department,Belmont,Yes,2020-12-01,11,0,0,11,11,0,,,
Brown County Health,Brown,No,2020-01-01,N/A,9,8,17,17,4,,,
Brown County Health,Brown,No,2020-02-01,N/A,33,0,33,33,19,,,
Brown County Health,Brown,No,2020-03-01,N/A,16,0,16,16,3,,,
Brown County Health,Brown,No,2020-04-01,N/A,7,0,7,7,0,,,
Brown County Health,Brown,No,2020-05-01,N/A,9,0,9,9,14,,,
Brown County Health,Brown,No,2020-06-01,N/A,11,0,11,11,6,,,
Brown County Health,Brown,No,2020-07-01,N/A,11,0,11,11,8,,,
Brown County Health,Brown,No,2020-08-01,N/A,12,0,12,12,18,,,
Brown County Health,Brown,No,2020-09-01,N/A,11,0,11,11,0,,,
Brown County Health,Brown,No,2020-10-01,N/A,27,0,27,27,8,,,
Brown County Health,Brown,No,2020-11-01,N/A,11,0,11,11,10,,,
Brown County Health,Brown,No,2020-12-01,N/A,15,0,15,15,4,,,
Butler County General Health District,Butler,Yes,2020-01-01,100,0,0,100,69,20,,,
Butler County General Health District,Butler,Yes,2020-02-01,138,0,0,138,89,54,,,
Butler County General Health District,Butler,Yes,2020-03-01,143,0,0,143,21,0,,,
Butler County General Health District,Butler,Yes,2020-04-01,142,0,0,142,0,0,,,
Butler County General Health District,Butler,Yes,2020-05-01,127,0,0,127,0,0,,,
Butler County General Health District,Butler,Yes,2020-06-01,232,0,0,232,0,0,,,
Butler County General Health District,Butler,Yes,2020-07-01,98,0,0,98,0,0,,,
Butler County General Health District,Butler,Yes,2020-08-01,44,0,0,44,0,0,,,
Butler County General Health District,Butler,Yes,2020-09-01,0,0,0,0,0,0,,,
Butler County General Health District,Butler,Yes,2020-10-01,0,0,0,0,0,0,,,
Butler County General Health District,Butler,Yes,2020-11-01,6,0,0,6,1,0,,,
Butler County General Health District,Butler,Yes,2020-12-01,28,0,0,28,8,0,,,
Cambridge-Guernsey County Health Department,Guernsey,No,2020-01-01,N/A,1,0,1,1,0,,,
Cambridge-Guernsey County Health Department,Guernsey,No,2020-02-01,N/A,3,0,3,0,0,,,
Cambridge-Guernsey County Health Department,Guernsey,No,2020-03-01,N/A,3,0,3,2,0,,,
Cambridge-Guernsey County Health Department,Guernsey,No,2020-04-01,N/A,1,0,1,1,0,,,
Cambridge-Guernsey County Health Department,Guernsey,No,2020-05-01,N/A,10,0,10,0,0,,,
Cambridge-Guernsey County Health Department,Guernsey,No,2020-06-01,N/A,2,0,2,0,0,,,
Cambridge-Guernsey County Health Department,Guernsey,No,2020-07-01,N/A,Not Received,Not Received,Not Received,Not Received,Not Received,,,
Cambridge-Guernsey County Health Department,Guernsey,No,2020-08-01,N/A,Not Received,Not Received,Not Received,Not Received,Not Received,,,
Cambridge-Guernsey County Health Department,Guernsey,No,2020-09-01,N/A,Not Received,Not Received,Not Received,Not Received,Not Received,,,
Cambridge-Guernsey County Health Department,Guernsey,No,2020-10-01,N/A,Not Received,Not Received,Not Received,Not Received,Not Received,,,
Cambridge-Guernsey County Health Department,Guernsey,No,2020-11-01,N/A,Not Received,Not Received,Not Received,Not Received,Not Received,,,
Cambridge-Guernsey County Health Department,Guernsey,No,2020-12-01,N/A,Not Received,Not Received,Not Received,Not Received,Not Received,,,
Canton City Public Health,Stark,Yes,2020-01-01,21,0,0,21,21,0,,,
Canton City Public Health,Stark,Yes,2020-02-01,71,0,0,71,91,11,,,
Canton City Public Health,Stark,Yes,2020-03-01,203,0,0,203,211,11,,,
Canton City Public Health,Stark,Yes,2020-04-01,12,0,0,12,9,1,,,
Canton City Public Health,Stark,Yes,2020-05-01,138,0,0,138,136,1,,,
Canton City Public Health,Stark,Yes,2020-06-01,195,0,0,195,195,0,,,
Canton City Public Health,Stark,Yes,2020-07-01,108,0,0,108,108,36,,,
Canton City Public Health,Stark,Yes,2020-08-01,234,0,0,234,213,86,,,
Canton City Public Health,Stark,Yes,2020-09-01,166,0,0,166,166,79,,,
Canton City Public Health,Stark,Yes,2020-10-01,42,109,0,151,151,87,,,
Canton City Public Health,Stark,Yes,2020-11-01,72,0,0,72,55,22,,,
Canton City Public Health,Stark,Yes,2020-12-01,27,0,0,27,16,0,,,
Champaign Health District,Champaign,Yes,2020-01-01,28,0,0,28,28,0,,,
Champaign Health District,Champaign,Yes,2020-02-01,25,0,0,25,25,0,,,
Champaign Health District,Champaign,Yes,2020-03-01,26,0,0,26,26,0,,,
Champaign Health District,Champaign,Yes,2020-04-01,5,0,0,5,5,0,,,
Champaign Health District,Champaign,Yes,2020-05-01,4,0,0,4,4,0,,,
Champaign Health District,Champaign,Yes,2020-06-01,5,0,0,5,5,0,,,
Champaign Health District,Champaign,Yes,2020-07-01,38,0,0,38,38,0,,,
Champaign Health District,Champaign,Yes,2020-08-01,27,0,0,27,27,0,,,
Champaign Health District,Champaign,Yes,2020-09-01,30,0,0,30,30,0,,,
Champaign Health District,Champaign,Yes,2020-10-01,0,19,1,20,18,0,,,
Champaign Health District,Champaign,Yes,2020-11-01,39,3,0,42,44,2,,,
Champaign Health District,Champaign,Yes,2020-12-01,0,2,0,2,2,0,,,
City of Franklin Division of Fire and EMS,Warren,No,2020-01-01,N/A,45,0,45,38,2,,,
City of Franklin Division of Fire and EMS,Warren,No,2020-02-01,N/A,6,0,6,5,0,,,
City of Franklin Division of Fire and EMS,Warren,No,2020-03-01,N/A,2,0,2,2,1,,,
City of Franklin Division of Fire and EMS,Warren,No,2020-04-01,N/A,4,0,4,2,0,,,
City of Franklin Division of Fire and EMS,Warren,No,2020-05-01,N/A,0,0,0,0,1,,,
City of Franklin Division of Fire and EMS,Warren,No,2020-06-01,N/A,13,0,13,9,0,,,
City of Franklin Division of Fire and EMS,Warren,No,2020-07-01,N/A,9,0,9,8,1,,,
City of Franklin Division of Fire and EMS,Warren,No,2020-08-01,N/A,3,0,3,3,1,,,
City of Franklin Division of Fire and EMS,Warren,No,2020-09-01,N/A,15,0,15,13,0,,,
City of Franklin Division of Fire and EMS,Warren,No,2020-10-01,N/A,17,0,17,15,0,,,
City of Franklin Division of Fire and EMS,Warren,No,2020-11-01,N/A,7,0,7,6,0,,,
City of Franklin Division of Fire and EMS,Warren,No,2020-12-01,N/A,8,0,8,7,0,,,
Clermont Recovery Center,Clermont,No,2020-01-01,N/A,9,32,41,41,0,,,
Clermont Recovery Center,Clermont,No,2020-02-01,N/A,12,4,16,16,5,,,
Clermont Recovery Center,Clermont,No,2020-03-01,N/A,0,30,30,30,0,,,
Clermont Recovery Center,Clermont,No,2020-04-01,N/A,0,57,57,57,2,,,
Clermont Recovery Center,Clermont,No,2020-05-01,N/A,0,14,14,14,0,,,
Clermont Recovery Center,Clermont,No,2020-06-01,N/A,12,24,36,36,7,,,
Clermont Recovery Center,Clermont,No,2020-07-01,N/A,9,25,34,34,2,,,
Clermont Recovery Center,Clermont,No,2020-08-01,N/A,16,32,48,48,3,,,
Clermont Recovery Center,Clermont,No,2020-09-01,N/A,14,35,49,49,6,,,
Clermont Recovery Center,Clermont,No,2020-10-01,N/A,28,27,55,55,5,,,
Clermont Recovery Center,Clermont,No,2020-11-01,N/A,0,27,27,27,0,,,
Clermont Recovery Center,Clermont,No,2020-12-01,N/A,Not Received,Not Received,Not Received,Not Received,Not Received,,,
Clinton County Health District,Clinton,No,2020-01-01,N/A,Not Received,Not Received,Not Received,Not Received,Not Received,,,
Clinton County Health District,Clinton,No,2020-02-01,N/A,Not Received,Not Received,Not Received,Not Received,Not Received,,,
Clinton County Health District,Clinton,No,2020-03-01,N/A,Not Received,Not Received,Not Received,Not Received,Not Received,,,
Clinton County Health District,Clinton,No,2020-04-01,N/A,Not Received,Not Received,Not Received,Not Received,Not Received,,,
Clinton County Health District,Clinton,No,2020-05-01,N/A,Not Received,Not Received,Not Received,Not Received,Not Received,,,
Clinton County Health District,Clinton,No,2020-06-01,N/A,Not Received,Not Received,Not Received,Not Received,Not Received,,,
Clinton County Health District,Clinton,No,2020-07-01,N/A,Not Received,Not Received,Not Received,Not Received,Not Received,,,
Clinton County Health District,Clinton,No,2020-08-01,N/A,Not Received,Not Received,Not Received,Not Received,Not Received,,,
Clinton County Health District,Clinton,No,2020-09-01,N/A,Not Received,Not Received,Not Received,Not Received,Not Received,,,
Clinton County Health District,Clinton,No,2020-10-01,N/A,Not Received,Not Received,Not Received,Not Received,Not Received,,,
Clinton County Health District,Clinton,No,2020-11-01,N/A,Not Received,Not Received,Not Received,Not Received,Not Received,,,
Clinton County Health District,Clinton,No,2020-12-01,N/A,Not Received,Not Received,Not Received,Not Received,Not Received,,,
Coleman Crisis Services ,Stark,No,2020-01-01,N/A,13,0,13,13,0,,,
Coleman Crisis Services ,Stark,No,2020-02-01,N/A,2,0,2,2,0,,,
Coleman Crisis Services ,Stark,No,2020-03-01,N/A,2,0,2,2,0,,,
Coleman Crisis Services ,Stark,No,2020-04-01,N/A,0,0,0,0,0,,,
Coleman Crisis Services ,Stark,No,2020-05-01,N/A,1,0,1,1,0,,,
Coleman Crisis Services ,Stark,No,2020-06-01,N/A,9,0,9,9,0,,,
Coleman Crisis Services ,Stark,No,2020-07-01,N/A,11,0,11,11,0,,,
Coleman Crisis Services ,Stark,No,2020-08-01,N/A,15,0,15,15,0,,,
Coleman Crisis Services ,Stark,No,2020-09-01,N/A,11,0,11,8,0,,,
Coleman Crisis Services ,Stark,No,2020-10-01,N/A,5,0,5,5,0,,,
Coleman Crisis Services ,Stark,No,2020-11-01,N/A,2,0,2,2,0,,,
Coleman Crisis Services ,Stark,No,2020-12-01,N/A,6,0,6,6,0,,,
Columbus Kappa Foundation,Franklin,No,2020-01-01,N/A,N/A,N/A,N/A,N/A,N/A,,,
Columbus Kappa Foundation,Franklin,No,2020-02-01,N/A,N/A,N/A,N/A,N/A,N/A,,,
Columbus Kappa Foundation,Franklin,No,2020-03-01,N/A,N/A,N/A,N/A,N/A,N/A,,,
Columbus Kappa Foundation,Franklin,No,2020-04-01,N/A,N/A,N/A,N/A,N/A,N/A,,,
Columbus Kappa Foundation,Franklin,No,2020-05-01,N/A,N/A,N/A,N/A,N/A,N/A,,,
Columbus Kappa Foundation,Franklin,No,2020-06-01,N/A,N/A,N/A,N/A,N/A,N/A,,,
Columbus Kappa Foundation,Franklin,No,2020-07-01,N/A,N/A,N/A,N/A,N/A,N/A,,,
Columbus Kappa Foundation,Franklin,No,2020-08-01,N/A,N/A,N/A,N/A,N/A,N/A,,,
Columbus Kappa Foundation,Franklin,No,2020-09-01,N/A,N/A,N/A,N/A,N/A,N/A,,,
Columbus Kappa Foundation,Franklin,Yes,2020-10-01,2,0,0,2,1,0,,,
Columbus Kappa Foundation,Franklin,Yes,2020-11-01,15,0,0,15,11,2,,,
Columbus Kappa Foundation,Franklin,Yes,2020-12-01,6,0,0,6,4,0,,,
Columbus Public Health - NESOP,Franklin,Yes,2020-01-01,76,79,7,162,162,76,,,
Columbus Public Health - NESOP,Franklin,Yes,2020-02-01,353,0,0,353,353,70,,,
Columbus Public Health - NESOP,Franklin,Yes,2020-03-01,129,0,0,129,129,22,,,
Columbus Public Health - NESOP,Franklin,Yes,2020-04-01,473,0,13,486,486,87,,,
Columbus Public Health - NESOP,Franklin,Yes,2020-05-01,290,380,285,955,955,0,,,
Columbus Public Health - NESOP,Franklin,Yes,2020-06-01,106,0,231,337,337,96,,,
Columbus Public Health - NESOP,Franklin,Yes,2020-07-01,447,0,110,557,557,0,,,
Columbus Public Health - NESOP,Franklin,Yes,2020-08-01,339,0,77,416,416,73,,,
Columbus Public Health - NESOP,Franklin,Yes,2020-09-01,0,162,90,252,252,68,,,
Columbus Public Health - NESOP,Franklin,Yes,2020-10-01,Not Received,Not Received,Not Received,Not Received,Not Received,Not Received,,,
Columbus Public Health - NESOP,Franklin,Yes,2020-11-01,Not Received,Not Received,Not Received,Not Received,Not Received,Not Received,,,
Columbus Public Health - NESOP,Franklin,Yes,2020-12-01,Not Received,Not Received,Not Received,Not Received,Not Received,Not Received,,,
CommQuest Services ,Stark,No,2020-01-01,N/A,73,41,114,141,56,,,
CommQuest Services ,Stark,No,2020-02-01,N/A,56,110,166,172,29,,,
CommQuest Services ,Stark,No,2020-03-01,N/A,61,60,121,133,9,,,
CommQuest Services ,Stark,No,2020-04-01,N/A,0,36,36,36,0,,,
CommQuest Services ,Stark,No,2020-05-01,N/A,2,163,165,165,2,,,
CommQuest Services ,Stark,No,2020-06-01,N/A,0,89,89,89,4,,,
CommQuest Services ,Stark,No,2020-07-01,N/A,1,25,26,43,1,,,
CommQuest Services ,Stark,No,2020-08-01,N/A,0,102,102,129,36,,,
CommQuest Services ,Stark,No,2020-09-01,N/A,0,75,75,78,22,,,
CommQuest Services ,Stark,No,2020-10-01,N/A,0,109,109,121,38,,,
CommQuest Services ,Stark,No,2020-11-01,N/A,0,48,48,55,19,,,
CommQuest Services ,Stark,No,2020-12-01,N/A,0,64,64,72,28,,,
Community Action Pathways to Recovery,Fayette,No,2020-01-01,N/A,N/A,N/A,N/A,N/A,N/A,,,
Community Action Pathways to Recovery,Fayette,No,2020-02-01,N/A,N/A,N/A,N/A,N/A,N/A,,,
Community Action Pathways to Recovery,Fayette,No,2020-03-01,N/A,N/A,N/A,N/A,N/A,N/A,,,
Community Action Pathways to Recovery,Fayette,No,2020-04-01,N/A,N/A,N/A,N/A,N/A,N/A,,,
Community Action Pathways to Recovery,Fayette,No,2020-05-01,N/A,N/A,N/A,N/A,N/A,N/A,,,
Community Action Pathways to Recovery,Fayette,No,2020-06-01,N/A,N/A,N/A,N/A,N/A,N/A,,,
Community Action Pathways to Recovery,Fayette,No,2020-07-01,N/A,N/A,N/A,N/A,N/A,N/A,,,
Community Action Pathways to Recovery,Fayette,No,2020-08-01,N/A,N/A,N/A,N/A,N/A,N/A,,,
Community Action Pathways to Recovery,Fayette,No,2020-09-01,N/A,N/A,N/A,N/A,N/A,N/A,,,
Community Action Pathways to Recovery,Fayette,No,2020-10-01,N/A,N/A,N/A,N/A,N/A,N/A,,,
Community Action Pathways to Recovery,Fayette,No,2020-11-01,N/A,N/A,N/A,N/A,N/A,N/A,,,
Community Action Pathways to Recovery,Fayette,No,2020-12-01,N/A,0,0,0,0,0,,,
Coshocton City Health Department,Coshocton,No,2020-01-01,N/A,0,0,0,0,0,,,
Coshocton City Health Department,Coshocton,No,2020-02-01,N/A,1,0,1,1,0,,,
Coshocton City Health Department,Coshocton,No,2020-03-01,N/A,3,0,3,0,0,,,
Coshocton City Health Department,Coshocton,No,2020-04-01,N/A,0,0,0,0,0,,,
Coshocton City Health Department,Coshocton,No,2020-05-01,N/A,0,0,0,0,0,,,
Coshocton City Health Department,Coshocton,No,2020-06-01,N/A,1,0,1,1,0,,,
Coshocton City Health Department,Coshocton,No,2020-07-01,N/A,0,0,0,0,0,,,
Coshocton City Health Department,Coshocton,No,2020-08-01,N/A,1,0,1,1,0,,,
Coshocton City Health Department,Coshocton,No,2020-09-01,N/A,0,0,0,0,0,,,
Coshocton City Health Department,Coshocton,No,2020-10-01,N/A,1,0,1,1,1,,,
Coshocton City Health Department,Coshocton,No,2020-11-01,N/A,1,0,1,1,1,,,
Coshocton City Health Department,Coshocton,No,2020-12-01,N/A,0,0,0,0,0,,,
Cuyahoga County ADAMH Board,Cuyahoga,No,2020-01-01,N/A,N/A,N/A,N/A,N/A,N/A,,,
Cuyahoga County ADAMH Board,Cuyahoga,No,2020-02-01,N/A,42,0,42,37,1,,,
Cuyahoga County ADAMH Board,Cuyahoga,No,2020-03-01,N/A,41,0,41,40,0,,,
Cuyahoga County ADAMH Board,Cuyahoga,No,2020-04-01,N/A,9,0,9,4,0,,,
Cuyahoga County ADAMH Board,Cuyahoga,No,2020-05-01,N/A,9,0,9,7,0,,,
Cuyahoga County ADAMH Board,Cuyahoga,No,2020-06-01,N/A,47,0,47,47,0,,,
Cuyahoga County ADAMH Board,Cuyahoga,No,2020-07-01,N/A,208,0,208,201,2,,,
Cuyahoga County ADAMH Board,Cuyahoga,No,2020-08-01,N/A,135,0,135,131,0,,,
Cuyahoga County ADAMH Board,Cuyahoga,No,2020-09-01,N/A,248,0,248,264,4,,,
Cuyahoga County ADAMH Board,Cuyahoga,No,2020-10-01,N/A,0,0,0,0,0,,,
Cuyahoga County ADAMH Board,Cuyahoga,No,2020-11-01,N/A,1,0,1,1,0,,,
Cuyahoga County ADAMH Board,Cuyahoga,No,2020-12-01,N/A,0,0,0,0,0,,,
Delaware General Health District,Delaware,No (Union IN partner),2020-01-01,5,0,0,5,0,0,,,
Delaware General Health District,Delaware,No (Union IN partner),2020-02-01,13,0,0,13,13,0,,,
Delaware General Health District,Delaware,No (Union IN partner),2020-03-01,2,0,0,2,2,0,,,
Delaware General Health District,Delaware,No (Union IN partner),2020-04-01,0,0,0,0,0,0,,,
Delaware General Health District,Delaware,No (Union IN partner),2020-05-01,0,0,0,0,0,0,,,
Delaware General Health District,Delaware,No (Union IN partner),2020-06-01,0,0,0,0,0,0,,,
Delaware General Health District,Delaware,No (Union IN partner),2020-07-01,1,0,0,1,1,0,,,
Delaware General Health District,Delaware,No (Union IN partner),2020-08-01,1,0,0,1,1,0,,,
Delaware General Health District,Delaware,No (Union IN partner),2020-09-01,0,0,0,0,0,0,,,
Delaware General Health District,Delaware,No (Union IN partner),2020-10-01,0,0,0,0,0,0,,,
Delaware General Health District,Delaware,No (Union IN partner),2020-11-01,0,0,0,0,0,0,,,
Delaware General Health District,Delaware,No (Union IN partner),2020-12-01,0,0,0,0,0,0,,,
Equitas Health,Franklin,Yes,2020-01-01,342,0,143,485,485,739,,,
Equitas Health,Franklin,Yes,2020-02-01,28,385,15,428,428,1170,,,
Equitas Health,Franklin,Yes,2020-03-01,0,429,42,471,471,398,,,
Equitas Health,Franklin,Yes,2020-04-01,0,557,4,561,561,459,,,
Equitas Health,Franklin,Yes,2020-05-01,0,582,5,587,582,443,,,
Equitas Health,Franklin,Yes,2020-06-01,0,687,4,691,691,557,,,
Equitas Health,Franklin,Yes,2020-07-01,0,652,5,657,660,523,,,
Equitas Health,Franklin,Yes,2020-08-01,0,509,6,515,535,447,,,
Equitas Health,Franklin,Yes,2020-09-01,0,538,5,543,543,415,,,
Equitas Health,Franklin,Yes,2020-10-01,0,614,2,616,625,358,,,
Equitas Health,Franklin,Yes,2020-11-01,0,275,4,279,279,200,,,
Equitas Health,Franklin,Yes,2020-12-01,0,454,6,460,460,303,,,
Erie County Health Department,Erie,Yes,2020-01-01,75,0,0,75,75,16,,,
Erie County Health Department,Erie,Yes,2020-02-01,97,0,0,97,91,11,,,
Erie County Health Department,Erie,Yes,2020-03-01,57,0,0,57,52,7,,,
Erie County Health Department,Erie,Yes,2020-04-01,58,0,0,58,55,15,,,
Erie County Health Department,Erie,Yes,2020-05-01,77,0,0,77,56,7,,,
Erie County Health Department,Erie,Yes,2020-06-01,107,0,0,107,79,22,,,
Erie County Health Department,Erie,Yes,2020-07-01,220,23,0,243,216,29,,,
Erie County Health Department,Erie,Yes,2020-08-01,205,95,0,300,289,31,,,
Erie County Health Department,Erie,Yes,2020-09-01,137,75,0,212,194,43,,,
Erie County Health Department,Erie,Yes,2020-10-01,46,82,0,128,120,13,,,
Erie County Health Department,Erie,Yes,2020-11-01,0,149,0,149,108,25,,,
Erie County Health Department,Erie,Yes,2020-12-01,168,0,0,168,148,21,,,
Fairfield Medical Center,Fairfield,No,2020-01-01,N/A,14,0,14,14,0,,,
Fairfield Medical Center,Fairfield,No,2020-02-01,N/A,159,0,159,170,1,,,
Fairfield Medical Center,Fairfield,No,2020-03-01,N/A,6,0,6,6,0,,,
Fairfield Medical Center,Fairfield,No,2020-04-01,N/A,4,0,4,4,0,,,
Fairfield Medical Center,Fairfield,No,2020-05-01,N/A,0,0,0,0,0,,,
Fairfield Medical Center,Fairfield,No,2020-06-01,N/A,14,0,14,14,0,,,
Fairfield Medical Center,Fairfield,No,2020-07-01,N/A,49,0,49,49,1,,,
Fairfield Medical Center,Fairfield,No,2020-08-01,N/A,27,0,27,37,1,,,
Fairfield Medical Center,Fairfield,No,2020-09-01,N/A,24,0,24,24,0,,,
Fairfield Medical Center,Fairfield,No,2020-10-01,N/A,7,0,7,7,2,,,
Fairfield Medical Center,Fairfield,No,2020-11-01,N/A,4,0,4,4,1,,,
Fairfield Medical Center,Fairfield,No,2020-12-01,N/A,3,0,3,3,0,,,
Family Health Services of Darke County,Darke,No,2020-01-01,N/A,1,6,7,7,0,,,
Family Health Services of Darke County,Darke,No,2020-02-01,N/A,0,8,8,4,0,,,
Family Health Services of Darke County,Darke,No,2020-03-01,N/A,0,10,10,7,0,,,
Family Health Services of Darke County,Darke,No,2020-04-01,N/A,1,0,1,1,0,,,
Family Health Services of Darke County,Darke,No,2020-05-01,N/A,2,2,4,2,0,,,
Family Health Services of Darke County,Darke,No,2020-06-01,N/A,3,3,6,6,0,,,
Family Health Services of Darke County,Darke,No,2020-07-01,N/A,1,4,5,4,1,,,
Family Health Services of Darke County,Darke,No,2020-08-01,N/A,1,2,3,3,1,,,
Family Health Services of Darke County,Darke,No,2020-09-01,N/A,5,3,8,8,0,,,
Family Health Services of Darke County,Darke,No,2020-10-01,N/A,4,2,6,5,2,,,
Family Health Services of Darke County,Darke,No,2020-11-01,N/A,1,2,3,3,0,,,
Family Health Services of Darke County,Darke,No,2020-12-01,N/A,3,0,3,3,2,,,
Family Recovery Center - Lisbon,Columbiana,No,2020-01-01,N/A,79,0,79,75,7,,,
Family Recovery Center - Lisbon,Columbiana,No,2020-02-01,N/A,58,14,72,64,5,,,
Family Recovery Center - Lisbon,Columbiana,No,2020-03-01,N/A,27,0,27,27,5,,,
Family Recovery Center - Lisbon,Columbiana,No,2020-04-01,N/A,29,0,29,29,1,,,
Family Recovery Center - Lisbon,Columbiana,No,2020-05-01,N/A,85,0,85,26,4,,,
Family Recovery Center - Lisbon,Columbiana,No,2020-06-01,N/A,37,0,37,37,6,,,
Family Recovery Center - Lisbon,Columbiana,No,2020-07-01,N/A,95,0,95,95,6,,,
Family Recovery Center - Lisbon,Columbiana,No,2020-08-01,N/A,71,0,71,23,11,,,
Family Recovery Center - Lisbon,Columbiana,No,2020-09-01,N/A,148,0,148,108,12,,,
Family Recovery Center - Lisbon,Columbiana,No,2020-10-01,N/A,155,0,155,129,7,,,
Family Recovery Center - Lisbon,Columbiana,No,2020-11-01,N/A,31,0,31,22,6,,,
Family Recovery Center - Lisbon,Columbiana,No,2020-12-01,N/A,29,0,29,25,5,,,
Family Recovery Center - Steubenville,Jefferson,No,2020-01-01,N/A,94,0,94,94,17,,,
Family Recovery Center - Steubenville,Jefferson,No,2020-02-01,N/A,36,0,36,36,8,,,
Family Recovery Center - Steubenville,Jefferson,No,2020-03-01,N/A,16,0,16,16,4,,,
Family Recovery Center - Steubenville,Jefferson,No,2020-04-01,N/A,8,0,8,8,1,,,
Family Recovery Center - Steubenville,Jefferson,No,2020-05-01,N/A,36,0,36,36,14,,,
Family Recovery Center - Steubenville,Jefferson,No,2020-06-01,N/A,52,0,52,52,20,,,
Family Recovery Center - Steubenville,Jefferson,No,2020-07-01,N/A,45,0,45,45,14,,,
Family Recovery Center - Steubenville,Jefferson,No,2020-08-01,N/A,32,0,32,32,9,,,
Family Recovery Center - Steubenville,Jefferson,No,2020-09-01,N/A,57,0,57,57,13,,,
Family Recovery Center - Steubenville,Jefferson,No,2020-10-01,N/A,95,0,95,95,24,,,
Family Recovery Center - Steubenville,Jefferson,No,2020-11-01,N/A,34,0,34,34,10,,,
Family Recovery Center - Steubenville,Jefferson,No,2020-12-01,N/A,64,0,64,64,7,,,
Franklin County Public Health,Franklin,Yes,2020-01-01,78,300,0,378,365,58,,,
Franklin County Public Health,Franklin,Yes,2020-02-01,131,190,0,321,323,35,,,
Franklin County Public Health,Franklin,Yes,2020-03-01,214,1,0,215,208,85,,,
Franklin County Public Health,Franklin,Yes,2020-04-01,364,19,0,383,369,89,,,
Franklin County Public Health,Franklin,Yes,2020-05-01,478,142,0,620,611,148,,,
Franklin County Public Health,Franklin,Yes,2020-06-01,616,115,0,731,715,120,,,
Franklin County Public Health,Franklin,Yes,2020-07-01,461,30,0,491,400,142,,,
Franklin County Public Health,Franklin,Yes,2020-08-01,157,0,583,740,601,77,,,
Franklin County Public Health,Franklin,Yes,2020-09-01,392,0,265,657,545,116,,,
Franklin County Public Health,Franklin,Yes,2020-10-01,756,387,112,1255,868,225,,,
Franklin County Public Health,Franklin,Yes,2020-11-01,19,186,91,296,175,64,,,
Franklin County Public Health,Franklin,Yes,2020-12-01,10,150,163,323,240,87,,,
Gallia County Health,Gallia,Yes,2020-01-01,106,0,0,106,103,63,,,
Gallia County Health,Gallia,Yes,2020-02-01,61,0,0,61,56,25,,,
Gallia County Health,Gallia,Yes,2020-03-01,55,0,59,114,110,22,,,
Gallia County Health,Gallia,Yes,2020-04-01,24,0,0,24,22,15,,,
Gallia County Health,Gallia,Yes,2020-05-01,61,0,0,61,55,41,,,
Gallia County Health,Gallia,Yes,2020-06-01,57,36,28,121,90,49,,,
Gallia County Health,Gallia,Yes,2020-07-01,71,4,0,75,74,43,,,
Gallia County Health,Gallia,Yes,2020-08-01,94,0,24,118,82,54,,,
Gallia County Health,Gallia,Yes,2020-09-01,67,0,0,67,62,35,,,
Gallia County Health,Gallia,Yes,2020-10-01,0,48,0,48,45,36,,,
Gallia County Health,Gallia,Yes,2020-11-01,41,16,0,57,55,41,,,
Gallia County Health,Gallia,Yes,2020-12-01,158,0,0,158,148,73,,,
Geauga Public Health,Geauga,Yes,2020-01-01,8,0,0,8,8,0,,,
Geauga Public Health,Geauga,Yes,2020-02-01,44,0,0,44,44,0,,,
Geauga Public Health,Geauga,Yes,2020-03-01,24,0,0,24,24,0,,,
Geauga Public Health,Geauga,Yes,2020-04-01,0,0,0,0,0,0,,,
Geauga Public Health,Geauga,Yes,2020-05-01,0,0,0,0,0,0,,,
Geauga Public Health,Geauga,Yes,2020-06-01,3,0,0,3,3,0,,,
Geauga Public Health,Geauga,Yes,2020-07-01,4,0,0,4,4,0,,,
Geauga Public Health,Geauga,Yes,2020-08-01,27,0,0,27,27,0,,,
Geauga Public Health,Geauga,Yes,2020-09-01,5,0,0,5,5,0,,,
Geauga Public Health,Geauga,Yes,2020-10-01,6,0,0,6,6,0,,,
Geauga Public Health,Geauga,Yes,2020-11-01,3,0,0,3,3,0,,,
Geauga Public Health,Geauga,Yes,2020-12-01,3,0,0,3,3,0,,,
Greene County Public Health,Greene,Yes,2020-01-01,20,104,10,134,101,22,,,
Greene County Public Health,Greene,Yes,2020-02-01,79,94,8,181,135,22,,,
Greene County Public Health,Greene,Yes,2020-03-01,0,39,0,39,15,5,,,
Greene County Public Health,Greene,Yes,2020-04-01,65,17,5,87,31,17,,,
Greene County Public Health,Greene,Yes,2020-05-01,160,1,6,167,68,34,,,
Greene County Public Health,Greene,Yes,2020-06-01,138,0,5,143,69,22,,,
Greene County Public Health,Greene,Yes,2020-07-01,108,0,4,112,61,16,,,
Greene County Public Health,Greene,Yes,2020-08-01,114,0,10,124,62,20,,,
Greene County Public Health,Greene,Yes,2020-09-01,174,111,3,288,78,74,,,
Greene County Public Health,Greene,Yes,2020-10-01,173,138,102,413,125,91,,,
Greene County Public Health,Greene,Yes,2020-11-01,154,0,3,157,73,37,,,
Greene County Public Health,Greene,Yes,2020-12-01,154,0,5,159,69,32,,,
Hamilton County Public Health,Hamilton,Yes,2020-01-01,26,1,258,285,39,8,,,
Hamilton County Public Health,Hamilton,Yes,2020-02-01,137,0,430,567,125,4,,,
Hamilton County Public Health,Hamilton,Yes,2020-03-01,422,0,0,422,4,1,,,
Hamilton County Public Health,Hamilton,Yes,2020-04-01,147,0,0,147,33,12,,,
Hamilton County Public Health,Hamilton,Yes,2020-05-01,140,0,54,194,24,9,,,
Hamilton County Public Health,Hamilton,Yes,2020-06-01,466,73,0,539,79,2,,,
Hamilton County Public Health,Hamilton,Yes,2020-07-01,6,445,72,523,40,5,,,
Hamilton County Public Health,Hamilton,Yes,2020-08-01,0,361,354,715,64,8,,,
Hamilton County Public Health,Hamilton,Yes,2020-09-01,0,57,602,659,85,0,,,
Hamilton County Public Health,Hamilton,Yes,2020-10-01,0,376,351,727,42,5,,,
Hamilton County Public Health,Hamilton,Yes,2020-11-01,0,0,744,744,97,4,,,
Hamilton County Public Health,Hamilton,Yes,2020-12-01,0,0,622,622,60,0,,,
Hancock Public Health,Hancock,Yes,2020-01-01,145,0,0,145,121,14,,,
Hancock Public Health,Hancock,Yes,2020-02-01,78,0,0,78,55,12,,,
Hancock Public Health,Hancock,Yes,2020-03-01,29,0,0,29,22,10,,,
Hancock Public Health,Hancock,Yes,2020-04-01,15,0,0,15,12,11,,,
Hancock Public Health,Hancock,Yes,2020-05-01,59,0,0,59,34,16,,,
Hancock Public Health,Hancock,Yes,2020-06-01,13,0,0,13,11,5,,,
Hancock Public Health,Hancock,Yes,2020-07-01,2,4,0,6,3,4,,,
Hancock Public Health,Hancock,Yes,2020-08-01,8,11,0,19,9,7,,,
Hancock Public Health,Hancock,Yes,2020-09-01,138,29,0,167,57,17,,,
Hancock Public Health,Hancock,Yes,2020-10-01,84,1,0,85,29,33,,,
Hancock Public Health,Hancock,Yes,2020-11-01,86,32,0,118,65,7,,,
Hancock Public Health,Hancock,Yes,2020-12-01,90,0,0,90,36,38,,,
Harm Reduction Ohio,Statewide,Yes,2020-01-01,427,0,131,558,384,5,,,
Harm Reduction Ohio,Statewide,Yes,2020-02-01,751,0,356,1107,636,73,,,
Harm Reduction Ohio,Statewide,Yes,2020-03-01,1303,0,579,1882,1011,110,,,
Harm Reduction Ohio,Statewide,Yes,2020-04-01,1187,0,705,1892,1032,94,,,
Harm Reduction Ohio,Statewide,Yes,2020-05-01,392,750,580,1722,921,78,,,
Harm Reduction Ohio,Statewide,Yes,2020-06-01,1452,0,468,1920,1309,51,,,
Harm Reduction Ohio,Statewide,Yes,2020-07-01,578,0,1034,1612,636,41,,,
Harm Reduction Ohio,Statewide,Yes,2020-08-01,1371,0,698,2069,598,42,,,
Harm Reduction Ohio,Statewide,Yes,2020-09-01,596,0,367,963,614,53,,,
Harm Reduction Ohio,Statewide,Yes,2020-10-01,257,134,0,391,330,76,,,
Harm Reduction Ohio,Statewide,Yes,2020-11-01,294,510,0,804,524,58,,,
Harm Reduction Ohio,Statewide,Yes,2020-12-01,34,422,60,516,299,86,,,
Highland County Health Department,Highland,No,2020-01-01,N/A,Not Received,Not Received,Not Received,Not Received,Not Received,,,
Highland County Health Department,Highland,No,2020-02-01,N/A,Not Received,Not Received,Not Received,Not Received,Not Received,,,
Highland County Health Department,Highland,No,2020-03-01,N/A,Not Received,Not Received,Not Received,Not Received,Not Received,,,
Highland County Health Department,Highland,No,2020-04-01,N/A,Not Received,Not Received,Not Received,Not Received,Not Received,,,
Highland County Health Department,Highland,No,2020-05-01,N/A,Not Received,Not Received,Not Received,Not Received,Not Received,,,
Highland County Health Department,Highland,No,2020-06-01,N/A,Not Received,Not Received,Not Received,Not Received,Not Received,,,
Highland County Health Department,Highland,No,2020-07-01,N/A,Not Received,Not Received,Not Received,Not Received,Not Received,,,
Highland County Health Department,Highland,No,2020-08-01,N/A,Not Received,Not Received,Not Received,Not Received,Not Received,,,
Highland County Health Department,Highland,No,2020-09-01,N/A,Not Received,Not Received,Not Received,Not Received,Not Received,,,
Highland County Health Department,Highland,No,2020-10-01,N/A,Not Received,Not Received,Not Received,Not Received,Not Received,,,
Highland County Health Department,Highland,No,2020-11-01,N/A,Not Received,Not Received,Not Received,Not Received,Not Received,,,
Highland County Health Department,Highland,No,2020-12-01,N/A,Not Received,Not Received,Not Received,Not Received,Not Received,,,
Highland County QRT,Highland,No,2020-01-01,N/A,3,0,3,3,0,,,
Highland County QRT,Highland,No,2020-02-01,N/A,14,0,14,8,0,,,
Highland County QRT,Highland,No,2020-03-01,N/A,1,0,1,1,0,,,
Highland County QRT,Highland,No,2020-04-01,N/A,3,0,3,0,0,,,
Highland County QRT,Highland,No,2020-05-01,N/A,0,0,0,0,0,,,
Highland County QRT,Highland,No,2020-06-01,N/A,3,0,3,3,0,,,
Highland County QRT,Highland,No,2020-07-01,N/A,2,0,2,2,0,,,
Highland County QRT,Highland,No,2020-08-01,N/A,5,0,5,4,0,,,
Highland County QRT,Highland,No,2020-09-01,N/A,6,0,6,5,1,,,
Highland County QRT,Highland,No,2020-10-01,N/A,1,0,1,1,0,,,
Highland County QRT,Highland,No,2020-11-01,N/A,3,0,3,3,0,,,
Highland County QRT,Highland,No,2020-12-01,N/A,30,0,30,3,0,,,
Hocking County Health Department,Hocking,No,2020-01-01,N/A,10,6,16,12,0,,,
Hocking County Health Department,Hocking,No,2020-02-01,N/A,5,6,11,11,1,,,
Hocking County Health Department,Hocking,No,2020-03-01,N/A,2,4,6,6,0,,,
Hocking County Health Department,Hocking,No,2020-04-01,N/A,0,0,0,0,1,,,
Hocking County Health Department,Hocking,No,2020-05-01,N/A,3,1,4,4,1,,,
Hocking County Health Department,Hocking,No,2020-06-01,N/A,5,6,11,4,2,,,
Hocking County Health Department,Hocking,No,2020-07-01,N/A,2,4,6,3,0,,,
Hocking County Health Department,Hocking,No,2020-08-01,N/A,1,41,42,10,0,,,
Hocking County Health Department,Hocking,No,2020-09-01,N/A,3,0,3,3,1,,,
Hocking County Health Department,Hocking,No,2020-10-01,N/A,1,9,10,5,2,,,
Hocking County Health Department,Hocking,No,2020-11-01,N/A,1,3,4,4,0,,,
Hocking County Health Department,Hocking,No,2020-12-01,N/A,1,0,1,1,0,,,
Homeless Hookup CLE,Cuyahoga,No,2020-01-01,N/A,N/A,N/A,N/A,N/A,N/A,,,
Homeless Hookup CLE,Cuyahoga,No,2020-02-01,N/A,N/A,N/A,N/A,N/A,N/A,,,
Homeless Hookup CLE,Cuyahoga,No,2020-03-01,N/A,N/A,N/A,N/A,N/A,N/A,,,
Homeless Hookup CLE,Cuyahoga,No,2020-04-01,N/A,N/A,N/A,N/A,N/A,N/A,,,
Homeless Hookup CLE,Cuyahoga,No,2020-05-01,N/A,N/A,N/A,N/A,N/A,N/A,,,
Homeless Hookup CLE,Cuyahoga,No,2020-06-01,N/A,N/A,N/A,N/A,N/A,N/A,,,
Homeless Hookup CLE,Cuyahoga,No,2020-07-01,N/A,N/A,N/A,N/A,N/A,N/A,,,
Homeless Hookup CLE,Cuyahoga,No,2020-08-01,N/A,N/A,N/A,N/A,N/A,N/A,,,
Homeless Hookup CLE,Cuyahoga,No,2020-09-01,N/A,N/A,N/A,N/A,N/A,N/A,,,
Homeless Hookup CLE,Cuyahoga,Yes,2020-10-01,0,0,127,127,127,1,,,
Homeless Hookup CLE,Cuyahoga,Yes,2020-11-01,0,0,162,162,162,0,,,
Homeless Hookup CLE,Cuyahoga,Yes,2020-12-01,0,0,178,178,178,1,,,
Jackson County Health Department,Jackson,Yes,2020-01-01,34,0,0,34,25,0,,,
Jackson County Health Department,Jackson,Yes,2020-02-01,13,0,0,13,10,0,,,
Jackson County Health Department,Jackson,Yes,2020-03-01,1,0,9,10,1,0,,,
Jackson County Health Department,Jackson,Yes,2020-04-01,0,0,1,1,0,1,,,
Jackson County Health Department,Jackson,Yes,2020-05-01,2,0,20,22,1,1,,,
Jackson County Health Department,Jackson,Yes,2020-06-01,0,0,6,6,0,4,,,
Jackson County Health Department,Jackson,Yes,2020-07-01,4,0,47,51,2,4,,,
Jackson County Health Department,Jackson,Yes,2020-08-01,31,2,0,33,29,0,,,
Jackson County Health Department,Jackson,Yes,2020-09-01,0,8,0,8,6,0,,,
Jackson County Health Department,Jackson,Yes,2020-10-01,0,19,0,19,9,0,,,
Jackson County Health Department,Jackson,Yes,2020-11-01,0,14,0,14,10,0,,,
Jackson County Health Department,Jackson,Yes,2020-12-01,0,2,0,2,2,0,,,
Jefferson County Health Department/Prevention and Recovery,Jefferson,No,2020-01-01,N/A,34,0,34,0,1,,,
Jefferson County Health Department/Prevention and Recovery,Jefferson,No,2020-02-01,N/A,0,0,0,0,0,,,
Jefferson County Health Department/Prevention and Recovery,Jefferson,No,2020-03-01,N/A,6,0,6,0,0,,,
Jefferson County Health Department/Prevention and Recovery,Jefferson,No,2020-04-01,N/A,22,0,22,1,0,,,
Jefferson County Health Department/Prevention and Recovery,Jefferson,No,2020-05-01,N/A,0,0,0,0,0,,,
Jefferson County Health Department/Prevention and Recovery,Jefferson,No,2020-06-01,N/A,21,0,21,8,0,,,
Jefferson County Health Department/Prevention and Recovery,Jefferson,No,2020-07-01,N/A,15,0,15,0,0,,,
Jefferson County Health Department/Prevention and Recovery,Jefferson,No,2020-08-01,N/A,0,0,0,0,0,,,
Jefferson County Health Department/Prevention and Recovery,Jefferson,No,2020-09-01,N/A,2,0,2,1,0,,,
Jefferson County Health Department/Prevention and Recovery,Jefferson,No,2020-10-01,N/A,2,0,2,0,0,,,
Jefferson County Health Department/Prevention and Recovery,Jefferson,No,2020-11-01,N/A,Not Received,Not Received,Not Received,Not Received,Not Received,,,
Jefferson County Health Department/Prevention and Recovery,Jefferson,No,2020-12-01,N/A,Not Received,Not Received,Not Received,Not Received,Not Received,,,
Kenton-Hardin Health Department,Hardin,No (Union IN partner),2020-01-01,0,1,0,1,0,1,,,
Kenton-Hardin Health Department,Hardin,No (Union IN partner),2020-02-01,1,0,0,1,1,0,,,
Kenton-Hardin Health Department,Hardin,No (Union IN partner),2020-03-01,3,0,0,3,0,0,,,
Kenton-Hardin Health Department,Hardin,No (Union IN partner),2020-04-01,0,0,0,0,0,0,,,
Kenton-Hardin Health Department,Hardin,No (Union IN partner),2020-05-01,0,0,0,0,0,0,,,
Kenton-Hardin Health Department,Hardin,No (Union IN partner),2020-06-01,0,0,0,0,0,0,,,
Kenton-Hardin Health Department,Hardin,No (Union IN partner),2020-07-01,0,0,0,0,0,0,,,
Kenton-Hardin Health Department,Hardin,No (Union IN partner),2020-08-01,1,0,0,1,0,0,,,
Kenton-Hardin Health Department,Hardin,No (Union IN partner),2020-09-01,0,0,0,0,0,0,,,
Kenton-Hardin Health Department,Hardin,No (Union IN partner),2020-10-01,0,0,0,0,0,0,,,
Kenton-Hardin Health Department,Hardin,No (Union IN partner),2020-11-01,1,0,0,1,0,0,,,
Kenton-Hardin Health Department,Hardin,No (Union IN partner),2020-12-01,Not Received,Not Received,Not Received,Not Received,Not Received,Not Received,,,
Knox County Health Department,Knox,No (Union IN partner),2020-01-01,0,0,0,0,0,0,,,
Knox County Health Department,Knox,No (Union IN partner),2020-02-01,0,0,0,0,0,0,,,
Knox County Health Department,Knox,No (Union IN partner),2020-03-01,0,0,0,0,0,0,,,
Knox County Health Department,Knox,No (Union IN partner),2020-04-01,1,0,0,1,1,0,,,
Knox County Health Department,Knox,No (Union IN partner),2020-05-01,0,0,0,0,0,0,,,
Knox County Health Department,Knox,No (Union IN partner),2020-06-01,1,0,0,1,1,0,,,
Knox County Health Department,Knox,No (Union IN partner),2020-07-01,0,0,0,0,0,0,,,
Knox County Health Department,Knox,No (Union IN partner),2020-08-01,0,0,0,0,0,0,,,
Knox County Health Department,Knox,No (Union IN partner),2020-09-01,Not Received,Not Received,Not Received,Not Received,Not Received,Not Received,,,
Knox County Health Department,Knox,No (Union IN partner),2020-10-01,Not Received,Not Received,Not Received,Not Received,Not Received,Not Received,,,
Knox County Health Department,Knox,No (Union IN partner),2020-11-01,Not Received,Not Received,Not Received,Not Received,Not Received,Not Received,,,
Knox County Health Department,Knox,No (Union IN partner),2020-12-01,Not Received,Not Received,Not Received,Not Received,Not Received,Not Received,,,
Lake County General Health District,Lake,Yes,2020-01-01,32,0,0,32,25,1,,,
Lake County General Health District,Lake,Yes,2020-02-01,66,24,0,90,73,2,,,
Lake County General Health District,Lake,Yes,2020-03-01,0,13,0,13,10,0,,,
Lake County General Health District,Lake,Yes,2020-04-01,0,22,0,22,21,1,,,
Lake County General Health District,Lake,Yes,2020-05-01,0,9,0,9,9,1,,,
Lake County General Health District,Lake,Yes,2020-06-01,0,6,0,6,6,0,,,
Lake County General Health District,Lake,Yes,2020-07-01,0,27,0,27,21,0,,,
Lake County General Health District,Lake,Yes,2020-08-01,20,0,0,20,11,1,,,
Lake County General Health District,Lake,Yes,2020-09-01,11,0,0,11,9,1,,,
Lake County General Health District,Lake,Yes,2020-10-01,0,15,0,15,15,5,,,
Lake County General Health District,Lake,Yes,2020-11-01,0,8,56,64,8,0,,,
Lake County General Health District,Lake,Yes,2020-12-01,0,8,30,38,8,0,,,
Lawrence County Health Department,Lawrence,No,2020-01-01,N/A,0,0,0,0,0,,,
Lawrence County Health Department,Lawrence,No,2020-02-01,N/A,0,0,0,0,0,,,
Lawrence County Health Department,Lawrence,No,2020-03-01,N/A,0,0,0,0,0,,,
Lawrence County Health Department,Lawrence,No,2020-04-01,N/A,Not Received,Not Received,Not Received,Not Received,Not Received,,,
Lawrence County Health Department,Lawrence,No,2020-05-01,N/A,Not Received,Not Received,Not Received,Not Received,Not Received,,,
Lawrence County Health Department,Lawrence,No,2020-06-01,N/A,Not Received,Not Received,Not Received,Not Received,Not Received,,,
Lawrence County Health Department,Lawrence,No,2020-07-01,N/A,Not Received,Not Received,Not Received,Not Received,Not Received,,,
Lawrence County Health Department,Lawrence,No,2020-08-01,N/A,0,0,0,0,0,,,
Lawrence County Health Department,Lawrence,No,2020-09-01,N/A,Not Received,Not Received,Not Received,Not Received,Not Received,,,
Lawrence County Health Department,Lawrence,No,2020-10-01,N/A,Not Received,Not Received,Not Received,Not Received,Not Received,,,
Lawrence County Health Department,Lawrence,No,2020-11-01,N/A,Not Received,Not Received,Not Received,Not Received,Not Received,,,
Lawrence County Health Department,Lawrence,No,2020-12-01,N/A,Not Received,Not Received,Not Received,Not Received,Not Received,,,
"Let's Get Real, Inc.",Huron,No,2020-01-01,N/A,N/A,N/A,N/A,N/A,N/A,,,
"Let's Get Real, Inc.",Huron,No,2020-02-01,N/A,N/A,N/A,N/A,N/A,N/A,,,
"Let's Get Real, Inc.",Huron,No,2020-03-01,N/A,N/A,N/A,N/A,N/A,N/A,,,
"Let's Get Real, Inc.",Huron,No,2020-04-01,N/A,N/A,N/A,N/A,N/A,N/A,,,
"Let's Get Real, Inc.",Huron,No,2020-05-01,N/A,N/A,N/A,N/A,N/A,N/A,,,
"Let's Get Real, Inc.",Huron,No,2020-06-01,N/A,N/A,N/A,N/A,N/A,N/A,,,
"Let's Get Real, Inc.",Huron,No,2020-07-01,N/A,N/A,N/A,N/A,N/A,N/A,,,
"Let's Get Real, Inc.",Huron,No,2020-08-01,N/A,N/A,N/A,N/A,N/A,N/A,,,
"Let's Get Real, Inc.",Huron,No,2020-09-01,N/A,N/A,N/A,N/A,N/A,N/A,,,
"Let's Get Real, Inc.",Huron,No,2020-10-01,N/A,N/A,N/A,N/A,N/A,N/A,,,
"Let's Get Real, Inc.",Huron,No,2020-11-01,N/A,Not Received,Not Received,Not Received,Not Received,Not Received,,,
"Let's Get Real, Inc.",Huron,No,2020-12-01,N/A,Not Received,Not Received,Not Received,Not Received,Not Received,,,
Licking County Health Department,Licking,Yes,2020-01-01,91,0,0,91,161,7,,,
Licking County Health Department,Licking,Yes,2020-02-01,70,0,0,70,81,2,,,
Licking County Health Department,Licking,Yes,2020-03-01,44,0,0,44,44,9,,,
Licking County Health Department,Licking,Yes,2020-04-01,26,4,0,30,30,9,,,
Licking County Health Department,Licking,Yes,2020-05-01,6,19,0,25,31,9,,,
Licking County Health Department,Licking,Yes,2020-06-01,11,35,0,46,46,5,,,
Licking County Health Department,Licking,Yes,2020-07-01,10,49,0,59,60,10,,,
Licking County Health Department,Licking,Yes,2020-08-01,7,26,0,33,50,3,,,
Licking County Health Department,Licking,Yes,2020-09-01,3,12,0,15,15,0,,,
Licking County Health Department,Licking,Yes,2020-10-01,7,42,0,49,44,9,,,
Licking County Health Department,Licking,Yes,2020-11-01,8,36,0,44,40,5,,,
Licking County Health Department,Licking,Yes,2020-12-01,1,37,0,38,26,3,,,
Logan County Health District,Logan,Yes,2020-01-01,87,0,0,87,87,3,,,
Logan County Health District,Logan,Yes,2020-02-01,73,0,0,73,72,1,,,
Logan County Health District,Logan,Yes,2020-03-01,12,0,0,12,12,0,,,
Logan County Health District,Logan,Yes,2020-04-01,23,0,0,23,23,0,,,
Logan County Health District,Logan,Yes,2020-05-01,17,0,0,17,15,2,,,
Logan County Health District,Logan,Yes,2020-06-01,46,0,0,46,38,0,,,
Logan County Health District,Logan,Yes,2020-07-01,40,0,0,40,32,0,,,
Logan County Health District,Logan,Yes,2020-08-01,46,0,0,46,44,4,,,
Logan County Health District,Logan,Yes,2020-09-01,38,0,0,38,32,3,,,
Logan County Health District,Logan,Yes,2020-10-01,16,11,0,27,27,3,,,
Logan County Health District,Logan,Yes,2020-11-01,2,10,0,12,12,1,,,
Logan County Health District,Logan,Yes,2020-12-01,0,17,0,17,16,1,,,
Lorain County Public Health,Lorain,Yes,2020-01-01,43,0,0,43,46,5,,,
Lorain County Public Health,Lorain,Yes,2020-02-01,100,0,0,100,101,17,,,
Lorain County Public Health,Lorain,Yes,2020-03-01,71,0,0,71,58,7,,,
Lorain County Public Health,Lorain,Yes,2020-04-01,35,0,0,35,34,12,,,
Lorain County Public Health,Lorain,Yes,2020-05-01,43,0,0,43,42,9,,,
Lorain County Public Health,Lorain,Yes,2020-06-01,72,0,0,72,64,12,,,
Lorain County Public Health,Lorain,Yes,2020-07-01,67,0,0,67,60,10,,,
Lorain County Public Health,Lorain,Yes,2020-08-01,97,60,0,157,137,23,,,
Lorain County Public Health,Lorain,Yes,2020-09-01,68,18,0,86,68,12,,,
Lorain County Public Health,Lorain,Yes,2020-10-01,110,0,0,110,95,15,,,
Lorain County Public Health,Lorain,Yes,2020-11-01,55,9,0,64,54,9,,,
Lorain County Public Health,Lorain,Yes,2020-12-01,0,84,0,84,49,9,,,
Lower Lights Christian Health Center Pharmacy,Franklin,No,2020-01-01,N/A,0,0,0,1,0,,,
Lower Lights Christian Health Center Pharmacy,Franklin,No,2020-02-01,N/A,1,0,1,0,0,,,
Lower Lights Christian Health Center Pharmacy,Franklin,No,2020-03-01,N/A,0,0,0,0,0,,,
Lower Lights Christian Health Center Pharmacy,Franklin,No,2020-04-01,N/A,1,0,1,0,0,,,
Lower Lights Christian Health Center Pharmacy,Franklin,No,2020-05-01,N/A,0,0,0,0,0,,,
Lower Lights Christian Health Center Pharmacy,Franklin,No,2020-06-01,N/A,0,0,0,0,0,,,
Lower Lights Christian Health Center Pharmacy,Franklin,No,2020-07-01,N/A,1,0,1,0,0,,,
Lower Lights Christian Health Center Pharmacy,Franklin,No,2020-08-01,N/A,0,0,0,0,0,,,
Lower Lights Christian Health Center Pharmacy,Franklin,No,2020-09-01,N/A,0,0,0,0,0,,,
Lower Lights Christian Health Center Pharmacy,Franklin,No,2020-10-01,N/A,0,0,0,0,0,,,
Lower Lights Christian Health Center Pharmacy,Franklin,No,2020-11-01,N/A,0,0,0,0,0,,,
Lower Lights Christian Health Center Pharmacy,Franklin,No,2020-12-01,N/A,Not Received,Not Received,Not Received,Not Received,Not Received,,,
Madison County Public Health,Madison,No (Union IN partner),2020-01-01,6,0,5,11,13,0,,,
Madison County Public Health,Madison,No (Union IN partner),2020-02-01,33,0,0,33,33,0,,,
Madison County Public Health,Madison,No (Union IN partner),2020-03-01,0,0,12,12,1,0,,,
Madison County Public Health,Madison,No (Union IN partner),2020-04-01,0,0,0,0,0,0,,,
Madison County Public Health,Madison,No (Union IN partner),2020-05-01,0,0,0,0,0,0,,,
Madison County Public Health,Madison,No (Union IN partner),2020-06-01,0,0,0,0,0,0,,,
Madison County Public Health,Madison,No (Union IN partner),2020-07-01,0,0,0,0,0,0,,,
Madison County Public Health,Madison,No (Union IN partner),2020-08-01,0,0,61,61,3,0,,,
Madison County Public Health,Madison,No (Union IN partner),2020-09-01,0,0,0,0,0,0,,,
Madison County Public Health,Madison,No (Union IN partner),2020-10-01,1,0,0,1,1,0,,,
Madison County Public Health,Madison,No (Union IN partner),2020-11-01,2,0,15,17,2,0,,,
Madison County Public Health,Madison,No (Union IN partner),2020-12-01,0,0,0,0,0,0,,,
Mahoning County District Board of Health,Mahoning,Yes,2020-01-01,14,0,0,14,14,1,,,
Mahoning County District Board of Health,Mahoning,Yes,2020-02-01,75,0,0,75,75,0,,,
Mahoning County District Board of Health,Mahoning,Yes,2020-03-01,32,0,0,32,32,0,,,
Mahoning County District Board of Health,Mahoning,Yes,2020-04-01,2,0,0,2,2,0,,,
Mahoning County District Board of Health,Mahoning,Yes,2020-05-01,3,0,0,3,3,2,,,
Mahoning County District Board of Health,Mahoning,Yes,2020-06-01,10,0,0,10,10,0,,,
Mahoning County District Board of Health,Mahoning,Yes,2020-07-01,13,0,0,13,13,5,,,
Mahoning County District Board of Health,Mahoning,Yes,2020-08-01,0,5,0,5,5,0,,,
Mahoning County District Board of Health,Mahoning,Yes,2020-09-01,0,14,0,14,4,0,,,
Mahoning County District Board of Health,Mahoning,Yes,2020-10-01,0,79,0,79,79,0,,,
Mahoning County District Board of Health,Mahoning,Yes,2020-11-01,0,12,0,12,12,0,,,
Mahoning County District Board of Health,Mahoning,Yes,2020-12-01,0,1,0,1,1,0,,,
Marion Public Health,Marion,Yes,2020-01-01,44,0,0,44,37,8,,,
Marion Public Health,Marion,Yes,2020-02-01,36,0,0,36,36,11,,,
Marion Public Health,Marion,Yes,2020-03-01,10,0,0,10,10,10,,,
Marion Public Health,Marion,Yes,2020-04-01,1,0,0,1,1,0,,,
Marion Public Health,Marion,Yes,2020-05-01,4,0,0,4,4,0,,,
Marion Public Health,Marion,Yes,2020-06-01,15,0,0,15,15,5,,,
Marion Public Health,Marion,Yes,2020-07-01,26,0,0,26,26,7,,,
Marion Public Health,Marion,Yes,2020-08-01,16,0,0,16,16,6,,,
Marion Public Health,Marion,Yes,2020-09-01,44,0,0,44,44,8,,,
Marion Public Health,Marion,Yes,2020-10-01,9,0,0,9,9,5,,,
Marion Public Health,Marion,Yes,2020-11-01,10,0,0,10,10,5,,,
Marion Public Health,Marion,Yes,2020-12-01,Not Received,Not Received,Not Received,Not Received,Not Received,Not Received,,,
McKinley Hall,Clark,Yes,2020-01-01,43,0,0,43,43,20,,,
McKinley Hall,Clark,Yes,2020-02-01,65,0,0,65,65,25,,,
McKinley Hall,Clark,Yes,2020-03-01,60,0,0,60,60,10,,,
McKinley Hall,Clark,Yes,2020-04-01,34,0,0,34,34,15,,,
McKinley Hall,Clark,Yes,2020-05-01,29,0,0,29,29,16,,,
McKinley Hall,Clark,Yes,2020-06-01,82,0,0,82,82,17,,,
McKinley Hall,Clark,Yes,2020-07-01,84,0,0,84,84,20,,,
McKinley Hall,Clark,Yes,2020-08-01,130,0,0,130,130,15,,,
McKinley Hall,Clark,Yes,2020-09-01,67,0,0,67,67,20,,,
McKinley Hall,Clark,Yes,2020-10-01,95,0,0,95,95,14,,,
McKinley Hall,Clark,Yes,2020-11-01,43,0,0,43,43,10,,,
McKinley Hall,Clark,Yes,2020-12-01,Not Received,Not Received,Not Received,Not Received,Not Received,Not Received,,,
Medina County Health Department,Medina,No,2020-01-01,N/A,1,0,1,1,1,,,
Medina County Health Department,Medina,No,2020-02-01,N/A,19,0,19,23,0,,,
Medina County Health Department,Medina,No,2020-03-01,N/A,0,0,0,0,0,,,
Medina County Health Department,Medina,No,2020-04-01,N/A,1,0,1,3,1,,,
Medina County Health Department,Medina,No,2020-05-01,N/A,11,0,11,25,0,,,
Medina County Health Department,Medina,No,2020-06-01,N/A,0,0,0,2,0,,,
Medina County Health Department,Medina,No,2020-07-01,N/A,1,0,1,3,0,,,
Medina County Health Department,Medina,No,2020-08-01,N/A,3,0,3,8,0,,,
Medina County Health Department,Medina,No,2020-09-01,N/A,20,0,20,22,0,,,
Medina County Health Department,Medina,Yes,2020-10-01,1,0,0,1,1,0,,,
Medina County Health Department,Medina,Yes,2020-11-01,3,0,0,3,4,1,,,
Medina County Health Department,Medina,Yes,2020-12-01,0,0,0,0,0,0,,,
Meigs County Health Department,Meigs,No,2020-01-01,N/A,0,0,0,0,0,,,
Meigs County Health Department,Meigs,No,2020-02-01,N/A,2,0,2,2,0,,,
Meigs County Health Department,Meigs,No,2020-03-01,N/A,1,0,1,1,0,,,
Meigs County Health Department,Meigs,No,2020-04-01,N/A,0,0,0,0,0,,,
Meigs County Health Department,Meigs,No,2020-05-01,N/A,3,0,3,2,0,,,
Meigs County Health Department,Meigs,No,2020-06-01,N/A,1,0,1,1,0,,,
Meigs County Health Department,Meigs,No,2020-07-01,N/A,0,0,0,0,0,,,
Meigs County Health Department,Meigs,No,2020-08-01,N/A,0,0,0,0,0,,,
Meigs County Health Department,Meigs,No,2020-09-01,N/A,0,0,0,0,0,,,
Meigs County Health Department,Meigs,No,2020-10-01,N/A,2,0,2,0,0,,,
Meigs County Health Department,Meigs,No,2020-11-01,N/A,4,0,4,0,0,,,
Meigs County Health Department,Meigs,No,2020-12-01,N/A,0,0,0,0,0,,,
MetroHealth,Cuyahoga,No,2020-01-01,N/A,188,329,517,366,44,,,
MetroHealth,Cuyahoga,No,2020-02-01,N/A,53,452,505,376,40,,,
MetroHealth,Cuyahoga,No,2020-03-01,N/A,136,179,315,221,11,,,
MetroHealth,Cuyahoga,No,2020-04-01,N/A,67,284,351,141,26,,,
MetroHealth,Cuyahoga,No,2020-05-01,N/A,0,369,369,201,68,,,
MetroHealth,Cuyahoga,No,2020-06-01,N/A,294,280,574,412,52,,,
MetroHealth,Cuyahoga,No,2020-07-01,N/A,238,299,537,480,70,,,
MetroHealth,Cuyahoga,No,2020-08-01,N/A,68,393,461,337,76,,,
MetroHealth,Cuyahoga,No,2020-09-01,N/A,190,432,622,454,43,,,
MetroHealth,Cuyahoga,No,2020-10-01,N/A,127,420,547,414,55,,,
MetroHealth,Cuyahoga,No,2020-11-01,N/A,0,433,433,376,38,,,
MetroHealth,Cuyahoga,No,2020-12-01,N/A,18,305,323,242,31,,,
Miami County Public Health,Miami,Yes,2020-01-01,20,0,0,20,4,0,,,
Miami County Public Health,Miami,Yes,2020-02-01,7,2,0,9,9,0,,,
Miami County Public Health,Miami,Yes,2020-03-01,10,0,0,10,4,0,,,
Miami County Public Health,Miami,Yes,2020-04-01,1,0,0,1,1,1,,,
Miami County Public Health,Miami,Yes,2020-05-01,4,0,0,4,3,2,,,
Miami County Public Health,Miami,Yes,2020-06-01,25,0,0,25,11,4,,,
Miami County Public Health,Miami,Yes,2020-07-01,24,0,0,24,14,0,,,
Miami County Public Health,Miami,Yes,2020-08-01,42,0,0,42,38,2,,,
Miami County Public Health,Miami,Yes,2020-09-01,2,0,0,2,2,0,,,
Miami County Public Health,Miami,No,2020-10-01,N/A,2,0,2,2,0,,,
Miami County Public Health,Miami,No,2020-11-01,N/A,5,0,5,5,3,,,
Miami County Public Health,Miami,No,2020-12-01,N/A,8,0,8,3,1,,,
Morgan County Health Department,Morgan,No,2020-01-01,N/A,N/A,N/A,N/A,N/A,N/A,,,
Morgan County Health Department,Morgan,No,2020-02-01,N/A,N/A,N/A,N/A,N/A,N/A,,,
Morgan County Health Department,Morgan,No,2020-03-01,N/A,N/A,N/A,N/A,N/A,N/A,,,
Morgan County Health Department,Morgan,No,2020-04-01,N/A,N/A,N/A,N/A,N/A,N/A,,,
Morgan County Health Department,Morgan,No,2020-05-01,N/A,Not Received,Not Received,Not Received,Not Received,Not Received,,,
Morgan County Health Department,Morgan,No,2020-06-01,N/A,Not Received,Not Received,Not Received,Not Received,Not Received,,,
Morgan County Health Department,Morgan,No,2020-07-01,N/A,Not Received,Not Received,Not Received,Not Received,Not Received,,,
Morgan County Health Department,Morgan,No,2020-08-01,N/A,Not Received,Not Received,Not Received,Not Received,Not Received,,,
Morgan County Health Department,Morgan,No,2020-09-01,N/A,Not Received,Not Received,Not Received,Not Received,Not Received,,,
Morgan County Health Department,Morgan,No,2020-10-01,N/A,Not Received,Not Received,Not Received,Not Received,Not Received,,,
Morgan County Health Department,Morgan,No,2020-11-01,N/A,Not Received,Not Received,Not Received,Not Received,Not Received,,,
Morgan County Health Department,Morgan,No,2020-12-01,N/A,Not Received,Not Received,Not Received,Not Received,Not Received,,,
Mount Carmel,Franklin,No,2020-01-01,N/A,0,33,33,33,0,,,
Mount Carmel,Franklin,No,2020-02-01,N/A,0,38,38,38,0,,,
Mount Carmel,Franklin,No,2020-03-01,N/A,0,1,1,1,0,,,
Mount Carmel,Franklin,No,2020-04-01,N/A,Not Received,Not Received,Not Received,Not Received,Not Received,,,
Mount Carmel,Franklin,No,2020-05-01,N/A,Not Received,Not Received,Not Received,Not Received,Not Received,,,
Mount Carmel,Franklin,No,2020-06-01,N/A,Not Received,Not Received,Not Received,Not Received,Not Received,,,
Mount Carmel,Franklin,No,2020-07-01,N/A,Not Received,Not Received,Not Received,Not Received,Not Received,,,
Mount Carmel,Franklin,No,2020-08-01,N/A,Not Received,Not Received,Not Received,Not Received,Not Received,,,
Mount Carmel,Franklin,No,2020-09-01,N/A,Not Received,Not Received,Not Received,Not Received,Not Received,,,
Mount Carmel,Franklin,No,2020-10-01,N/A,Not Received,Not Received,Not Received,Not Received,Not Received,,,
Mount Carmel,Franklin,No,2020-11-01,N/A,Not Received,Not Received,Not Received,Not Received,Not Received,,,
Mount Carmel,Franklin,No,2020-12-01,N/A,Not Received,Not Received,Not Received,Not Received,Not Received,,,
Ohio Department of Health,Franklin,No,2020-01-01,N/A,0,0,0,0,0,,,
Ohio Department of Health,Franklin,No,2020-02-01,N/A,0,0,0,0,0,,,
Ohio Department of Health,Franklin,No,2020-03-01,N/A,0,0,0,0,0,,,
Ohio Department of Health,Franklin,No,2020-04-01,N/A,0,0,0,0,0,,,
Ohio Department of Health,Franklin,No,2020-05-01,N/A,0,0,0,0,0,,,
Ohio Department of Health,Franklin,No,2020-06-01,N/A,0,0,0,0,0,,,
Ohio Department of Health,Franklin,No,2020-07-01,N/A,0,0,0,0,0,,,
Ohio Department of Health,Franklin,No,2020-08-01,N/A,0,0,0,0,0,,,
Ohio Department of Health,Franklin,No,2020-09-01,N/A,0,0,0,0,0,,,
Ohio Department of Health,Franklin,No,2020-10-01,N/A,0,0,0,0,0,,,
Ohio Department of Health,Franklin,No,2020-11-01,N/A,Not Received,Not Received,Not Received,Not Received,Not Received,,,
Ohio Department of Health,Franklin,No,2020-12-01,N/A,Not Received,Not Received,Not Received,Not Received,Not Received,,,
Ohio State University Wexner Medical Center,Franklin,Yes,2020-01-01,25,0,0,25,25,2,,,
Ohio State University Wexner Medical Center,Franklin,Yes,2020-02-01,107,0,0,107,107,0,,,
Ohio State University Wexner Medical Center,Franklin,Yes,2020-03-01,74,0,0,74,74,16,,,
Ohio State University Wexner Medical Center,Franklin,Yes,2020-04-01,63,0,0,63,63,20,,,
Ohio State University Wexner Medical Center,Franklin,Yes,2020-05-01,327,0,0,327,327,38,,,
Ohio State University Wexner Medical Center,Franklin,Yes,2020-06-01,258,0,0,258,258,11,,,
Ohio State University Wexner Medical Center,Franklin,Yes,2020-07-01,110,0,0,110,107,21,,,
Ohio State University Wexner Medical Center,Franklin,Yes,2020-08-01,226,0,0,226,226,19,,,
Ohio State University Wexner Medical Center,Franklin,Yes,2020-09-01,196,0,0,196,194,26,,,
Ohio State University Wexner Medical Center,Franklin,Yes,2020-10-01,215,10,0,225,225,13,,,
Ohio State University Wexner Medical Center,Franklin,Yes,2020-11-01,80,25,0,105,103,14,,,
Ohio State University Wexner Medical Center,Franklin,Yes,2020-12-01,80,0,0,80,78,14,,,
Ottawa County Health Department,Ottawa,Yes,2020-01-01,15,12,0,27,30,0,,,
Ottawa County Health Department,Ottawa,Yes,2020-02-01,76,0,0,76,55,0,,,
Ottawa County Health Department,Ottawa,Yes,2020-03-01,10,0,0,10,7,0,,,
Ottawa County Health Department,Ottawa,Yes,2020-04-01,2,0,0,2,3,0,,,
Ottawa County Health Department,Ottawa,Yes,2020-05-01,4,0,0,4,1,0,,,
Ottawa County Health Department,Ottawa,Yes,2020-06-01,0,0,0,0,0,0,,,
Ottawa County Health Department,Ottawa,Yes,2020-07-01,1,0,0,1,1,0,,,
Ottawa County Health Department,Ottawa,Yes,2020-08-01,12,0,0,12,4,1,,,
Ottawa County Health Department,Ottawa,Yes,2020-09-01,11,0,0,11,8,0,,,
Ottawa County Health Department,Ottawa,Yes,2020-10-01,0,5,0,5,4,1,,,
Ottawa County Health Department,Ottawa,Yes,2020-11-01,0,3,0,3,3,0,,,
Ottawa County Health Department,Ottawa,Yes,2020-12-01,0,11,0,11,2,1,,,
Perry County Health Department,Perry,No,2020-01-01,N/A,0,0,0,0,0,,,
Perry County Health Department,Perry,No,2020-02-01,N/A,2,0,2,2,0,,,
Perry County Health Department,Perry,No,2020-03-01,N/A,0,0,0,0,0,,,
Perry County Health Department,Perry,No,2020-04-01,N/A,0,0,0,0,0,,,
Perry County Health Department,Perry,No,2020-05-01,N/A,0,0,0,0,0,,,
Perry County Health Department,Perry,No,2020-06-01,N/A,0,0,0,0,0,,,
Perry County Health Department,Perry,No,2020-07-01,N/A,0,0,0,0,0,,,
Perry County Health Department,Perry,No,2020-08-01,N/A,0,0,0,0,0,,,
Perry County Health Department,Perry,No,2020-09-01,N/A,0,0,0,0,0,,,
Perry County Health Department,Perry,No,2020-10-01,N/A,0,0,0,0,0,,,
Perry County Health Department,Perry,No,2020-11-01,N/A,0,0,0,0,0,,,
Perry County Health Department,Perry,No,2020-12-01,N/A,0,0,0,0,0,,,
Portage County Combined General Health District,Portage,Yes,2020-01-01,24,0,0,24,25,0,,,
Portage County Combined General Health District,Portage,Yes,2020-02-01,17,0,0,17,23,1,,,
Portage County Combined General Health District,Portage,Yes,2020-03-01,55,0,0,55,48,0,,,
Portage County Combined General Health District,Portage,Yes,2020-04-01,2,0,0,2,2,0,,,
Portage County Combined General Health District,Portage,Yes,2020-05-01,4,0,0,4,4,0,,,
Portage County Combined General Health District,Portage,Yes,2020-06-01,41,0,0,41,34,0,,,
Portage County Combined General Health District,Portage,Yes,2020-07-01,16,0,0,16,16,0,,,
Portage County Combined General Health District,Portage,Yes,2020-08-01,27,0,0,27,33,0,,,
Portage County Combined General Health District,Portage,Yes,2020-09-01,120,50,0,170,92,0,,,
Portage County Combined General Health District,Portage,Yes,2020-10-01,55,0,0,55,60,0,,,
Portage County Combined General Health District,Portage,Yes,2020-11-01,2,28,0,30,17,0,,,
Portage County Combined General Health District,Portage,Yes,2020-12-01,20,6,0,26,23,2,,,
Portsmouth City Health Department,Scioto,No,2020-01-01,N/A,37,66,103,103,21,,,
Portsmouth City Health Department,Scioto,No,2020-02-01,N/A,84,38,122,122,29,,,
Portsmouth City Health Department,Scioto,No,2020-03-01,N/A,101,38,139,139,46,,,
Portsmouth City Health Department,Scioto,No,2020-04-01,N/A,98,0,98,98,40,,,
Portsmouth City Health Department,Scioto,No,2020-05-01,N/A,0,237,237,237,61,,,
Portsmouth City Health Department,Scioto,No,2020-06-01,N/A,139,263,402,402,5,,,
Portsmouth City Health Department,Scioto,No,2020-07-01,N/A,213,0,213,163,1,,,
Portsmouth City Health Department,Scioto,No,2020-08-01,N/A,204,190,394,374,0,,,
Portsmouth City Health Department,Scioto,No,2020-09-01,N/A,87,120,207,207,0,,,
Portsmouth City Health Department,Scioto,No,2020-10-01,N/A,Not Received,Not Received,Not Received,Not Received,Not Received,,,
Portsmouth City Health Department,Scioto,No,2020-11-01,N/A,Not Received,Not Received,Not Received,Not Received,Not Received,,,
Portsmouth City Health Department,Scioto,No,2020-12-01,N/A,Not Received,Not Received,Not Received,Not Received,Not Received,,,
ProMedica Health Systems - Allen County,Allen,Yes,2020-01-01,N/A,N/A,N/A,N/A,N/A,N/A,,,
ProMedica Health Systems - Allen County,Allen,Yes,2020-02-01,N/A,N/A,N/A,N/A,N/A,N/A,,,
ProMedica Health Systems - Allen County,Allen,Yes,2020-03-01,N/A,N/A,N/A,N/A,N/A,N/A,,,
ProMedica Health Systems - Allen County,Allen,Yes,2020-04-01,N/A,N/A,N/A,N/A,N/A,N/A,,,
ProMedica Health Systems - Allen County,Allen,Yes,2020-05-01,N/A,N/A,N/A,N/A,N/A,N/A,,,
ProMedica Health Systems - Allen County,Allen,Yes,2020-06-01,N/A,N/A,N/A,N/A,N/A,N/A,,,
ProMedica Health Systems - Allen County,Allen,Yes,2020-07-01,N/A,N/A,N/A,N/A,N/A,N/A,,,
ProMedica Health Systems - Allen County,Allen,Yes,2020-08-01,N/A,N/A,N/A,N/A,N/A,N/A,,,
ProMedica Health Systems - Allen County,Allen,Yes,2020-09-01,0,0,0,0,0,0,,,
ProMedica Health Systems - Allen County,Allen,Yes,2020-10-01,0,0,0,0,0,0,,,
ProMedica Health Systems - Allen County,Allen,Yes,2020-11-01,0,0,0,0,0,0,,,
ProMedica Health Systems - Allen County,Allen,Yes,2020-12-01,0,0,0,0,0,0,,,
ProMedica Health Systems - Defiance County,Defiance,Yes,2020-01-01,N/A,N/A,N/A,N/A,N/A,N/A,,,
ProMedica Health Systems - Defiance County,Defiance,Yes,2020-02-01,N/A,N/A,N/A,N/A,N/A,N/A,,,
ProMedica Health Systems - Defiance County,Defiance,Yes,2020-03-01,0,0,0,0,0,0,,,
ProMedica Health Systems - Defiance County,Defiance,Yes,2020-04-01,1,0,0,1,1,0,,,
ProMedica Health Systems - Defiance County,Defiance,Yes,2020-05-01,0,0,0,0,0,0,,,
ProMedica Health Systems - Defiance County,Defiance,Yes,2020-06-01,0,0,0,0,0,0,,,
ProMedica Health Systems - Defiance County,Defiance,Yes,2020-07-01,0,0,0,0,0,0,,,
ProMedica Health Systems - Defiance County,Defiance,Yes,2020-08-01,0,0,0,0,0,0,,,
ProMedica Health Systems - Defiance County,Defiance,Yes,2020-09-01,0,0,0,0,0,0,,,
ProMedica Health Systems - Defiance County,Defiance,Yes,2020-10-01,1,0,0,1,1,0,,,
ProMedica Health Systems - Defiance County,Defiance,Yes,2020-11-01,2,0,0,2,2,0,,,
ProMedica Health Systems - Defiance County,Defiance,Yes,2020-12-01,0,0,0,0,0,0,,,
ProMedica Health Systems - Lucas County,Lucas,Yes,2020-01-01,31,0,0,31,31,2,,,
ProMedica Health Systems - Lucas County,Lucas,Yes,2020-02-01,29,0,0,29,29,0,,,
ProMedica Health Systems - Lucas County,Lucas,Yes,2020-03-01,25,0,0,25,25,1,,,
ProMedica Health Systems - Lucas County,Lucas,Yes,2020-04-01,16,0,0,16,16,0,,,
ProMedica Health Systems - Lucas County,Lucas,Yes,2020-05-01,18,0,0,18,18,0,,,
ProMedica Health Systems - Lucas County,Lucas,Yes,2020-06-01,17,0,0,17,17,0,,,
ProMedica Health Systems - Lucas County,Lucas,Yes,2020-07-01,19,0,0,19,27,0,,,
ProMedica Health Systems - Lucas County,Lucas,Yes,2020-08-01,25,0,0,25,32,0,,,
ProMedica Health Systems - Lucas County,Lucas,Yes,2020-09-01,36,0,0,36,45,2,,,
ProMedica Health Systems - Lucas County,Lucas,Yes,2020-10-01,18,0,0,18,20,0,,,
ProMedica Health Systems - Lucas County,Lucas,Yes,2020-11-01,18,0,0,18,21,0,,,
ProMedica Health Systems - Lucas County,Lucas,Yes,2020-12-01,19,0,0,19,22,1,,,
ProMedica Health Systems - Sandusky County,Sandusky,Yes,2020-01-01,N/A,N/A,N/A,N/A,N/A,N/A,,,
ProMedica Health Systems - Sandusky County,Sandusky,Yes,2020-02-01,N/A,N/A,N/A,N/A,N/A,N/A,,,
ProMedica Health Systems - Sandusky County,Sandusky,Yes,2020-03-01,N/A,N/A,N/A,N/A,N/A,N/A,,,
ProMedica Health Systems - Sandusky County,Sandusky,Yes,2020-04-01,N/A,N/A,N/A,N/A,N/A,N/A,,,
ProMedica Health Systems - Sandusky County,Sandusky,Yes,2020-05-01,N/A,N/A,N/A,N/A,N/A,N/A,,,
ProMedica Health Systems - Sandusky County,Sandusky,Yes,2020-06-01,N/A,N/A,N/A,N/A,N/A,N/A,,,
ProMedica Health Systems - Sandusky County,Sandusky,Yes,2020-07-01,N/A,N/A,N/A,N/A,N/A,N/A,,,
ProMedica Health Systems - Sandusky County,Sandusky,Yes,2020-08-01,5,0,0,5,7,0,,,
ProMedica Health Systems - Sandusky County,Sandusky,Yes,2020-09-01,6,0,0,6,9,0,,,
ProMedica Health Systems - Sandusky County,Sandusky,Yes,2020-10-01,1,0,0,1,1,0,,,
ProMedica Health Systems - Sandusky County,Sandusky,Yes,2020-11-01,3,0,0,3,5,0,,,
ProMedica Health Systems - Sandusky County,Sandusky,Yes,2020-12-01,5,0,0,5,5,0,,,
ProMedica Health Systems - Seneca County,Seneca,Yes,2020-01-01,N/A,N/A,N/A,N/A,N/A,N/A,,,
ProMedica Health Systems - Seneca County,Seneca,Yes,2020-02-01,N/A,N/A,N/A,N/A,N/A,N/A,,,
ProMedica Health Systems - Seneca County,Seneca,Yes,2020-03-01,2,0,0,2,2,0,,,
ProMedica Health Systems - Seneca County,Seneca,Yes,2020-04-01,0,0,0,0,0,0,,,
ProMedica Health Systems - Seneca County,Seneca,Yes,2020-05-01,3,0,0,3,3,0,,,
ProMedica Health Systems - Seneca County,Seneca,Yes,2020-06-01,2,0,0,2,2,0,,,
ProMedica Health Systems - Seneca County,Seneca,Yes,2020-07-01,0,0,0,0,0,0,,,
ProMedica Health Systems - Seneca County,Seneca,Yes,2020-08-01,11,0,0,11,12,0,,,
ProMedica Health Systems - Seneca County,Seneca,Yes,2020-09-01,19,0,0,19,22,0,,,
ProMedica Health Systems - Seneca County,Seneca,Yes,2020-10-01,12,0,0,12,15,1,,,
ProMedica Health Systems - Seneca County,Seneca,Yes,2020-11-01,5,0,0,5,5,2,,,
ProMedica Health Systems - Seneca County,Seneca,Yes,2020-12-01,7,0,0,7,9,0,,,
ProMedica Health Systems - Wood County,Wood,Yes,2020-01-01,N/A,N/A,N/A,N/A,N/A,N/A,,,
ProMedica Health Systems - Wood County,Wood,Yes,2020-02-01,N/A,N/A,N/A,N/A,N/A,N/A,,,
ProMedica Health Systems - Wood County,Wood,Yes,2020-03-01,N/A,N/A,N/A,N/A,N/A,N/A,,,
ProMedica Health Systems - Wood County,Wood,Yes,2020-04-01,N/A,N/A,N/A,N/A,N/A,N/A,,,
ProMedica Health Systems - Wood County,Wood,Yes,2020-05-01,N/A,N/A,N/A,N/A,N/A,N/A,,,
ProMedica Health Systems - Wood County,Wood,Yes,2020-06-01,N/A,N/A,N/A,N/A,N/A,N/A,,,
ProMedica Health Systems - Wood County,Wood,Yes,2020-07-01,N/A,N/A,N/A,N/A,N/A,N/A,,,
ProMedica Health Systems - Wood County,Wood,Yes,2020-08-01,1,0,0,1,1,0,,,
ProMedica Health Systems - Wood County,Wood,Yes,2020-09-01,0,0,0,0,0,0,,,
ProMedica Health Systems - Wood County,Wood,Yes,2020-10-01,0,0,0,0,0,0,,,
ProMedica Health Systems - Wood County,Wood,Yes,2020-11-01,1,0,0,1,1,0,,,
ProMedica Health Systems - Wood County,Wood,Yes,2020-12-01,0,0,0,0,0,0,,,
Public Health Dayton & Montgomery County,Montgomery,No,2020-01-01,N/A,N/A,N/A,N/A,N/A,N/A,,,
Public Health Dayton & Montgomery County,Montgomery,No,2020-02-01,N/A,N/A,N/A,N/A,N/A,N/A,,,
Public Health Dayton & Montgomery County,Montgomery,No,2020-03-01,N/A,N/A,N/A,N/A,N/A,N/A,,,
Public Health Dayton & Montgomery County,Montgomery,No,2020-04-01,N/A,N/A,N/A,N/A,N/A,N/A,,,
Public Health Dayton & Montgomery County,Montgomery,No,2020-05-01,N/A,N/A,N/A,N/A,N/A,N/A,,,
Public Health Dayton & Montgomery County,Montgomery,No,2020-06-01,N/A,N/A,N/A,N/A,N/A,N/A,,,
Public Health Dayton & Montgomery County,Montgomery,No,2020-07-01,N/A,0,166,166,23,0,,,
Public Health Dayton & Montgomery County,Montgomery,No,2020-08-01,N/A,70,107,177,27,114,,,
Public Health Dayton & Montgomery County,Montgomery,No,2020-09-01,N/A,195,0,195,25,126,,,
Public Health Dayton & Montgomery County,Montgomery,No,2020-10-01,N/A,188,0,188,30,104,,,
Public Health Dayton & Montgomery County,Montgomery,No,2020-11-01,N/A,144,0,144,15,85,,,
Public Health Dayton & Montgomery County,Montgomery,No,2020-12-01,N/A,171,0,171,30,76,,,
Richland Public Health,Richland,No,2020-01-01,N/A,3,0,3,3,0,,,
Richland Public Health,Richland,No,2020-02-01,N/A,13,0,13,12,0,,,
Richland Public Health,Richland,No,2020-03-01,N/A,0,0,0,0,0,,,
Richland Public Health,Richland,No,2020-04-01,N/A,0,0,0,0,0,,,
Richland Public Health,Richland,No,2020-05-01,N/A,0,0,0,0,0,,,
Richland Public Health,Richland,No,2020-06-01,N/A,1,0,1,0,1,,,
Richland Public Health,Richland,No,2020-07-01,N/A,0,0,0,0,0,,,
Richland Public Health,Richland,No,2020-08-01,N/A,0,0,0,0,0,,,
Richland Public Health,Richland,No,2020-09-01,N/A,0,0,0,0,0,,,
Richland Public Health,Richland,No,2020-10-01,N/A,0,0,0,0,0,,,
Richland Public Health,Richland,No,2020-11-01,N/A,0,0,0,0,0,,,
Richland Public Health,Richland,No,2020-12-01,N/A,0,0,0,0,0,,,
Ross County Health District,Ross,Yes,2020-01-01,114,0,0,114,65,29,,,
Ross County Health District,Ross,Yes,2020-02-01,169,0,0,169,119,23,,,
Ross County Health District,Ross,Yes,2020-03-01,110,0,0,110,61,14,,,
Ross County Health District,Ross,Yes,2020-04-01,118,0,0,118,73,25,,,
Ross County Health District,Ross,Yes,2020-05-01,61,0,0,61,32,20,,,
Ross County Health District,Ross,Yes,2020-06-01,127,0,0,127,72,33,,,
Ross County Health District,Ross,Yes,2020-07-01,55,13,0,68,28,28,,,
Ross County Health District,Ross,Yes,2020-08-01,87,20,0,107,82,5,,,
Ross County Health District,Ross,Yes,2020-09-01,89,32,0,121,71,23,,,
Ross County Health District,Ross,Yes,2020-10-01,100,20,0,120,81,27,,,
Ross County Health District,Ross,Yes,2020-11-01,33,38,0,71,36,22,,,
Ross County Health District,Ross,Yes,2020-12-01,13,31,1,45,21,10,,,
Samaritan Behavioral Health,Montgomery,No,2020-01-01,N/A,0,184,184,168,23,,,
Samaritan Behavioral Health,Montgomery,No,2020-02-01,N/A,0,253,253,212,32,,,
Samaritan Behavioral Health,Montgomery,No,2020-03-01,N/A,0,161,161,129,17,,,
Samaritan Behavioral Health,Montgomery,No,2020-04-01,N/A,82,0,82,54,12,,,
Samaritan Behavioral Health,Montgomery,No,2020-05-01,N/A,101,0,101,47,0,,,
Samaritan Behavioral Health,Montgomery,No,2020-06-01,N/A,94,0,94,75,14,,,
Samaritan Behavioral Health,Montgomery,No,2020-07-01,N/A,25,0,25,14,0,,,
Samaritan Behavioral Health,Montgomery,No,2020-08-01,N/A,154,0,154,134,3,,,
Samaritan Behavioral Health,Montgomery,No,2020-09-01,N/A,123,0,123,107,6,,,
Samaritan Behavioral Health,Montgomery,No,2020-10-01,N/A,126,0,126,119,19,,,
Samaritan Behavioral Health,Montgomery,No,2020-11-01,N/A,0,109,109,99,21,,,
Samaritan Behavioral Health,Montgomery,No,2020-12-01,N/A,0,113,113,67,27,,,
Seneca County General Health District,Seneca,Yes,2020-01-01,26,0,0,26,75,0,,,
Seneca County General Health District,Seneca,Yes,2020-02-01,31,0,0,31,29,4,,,
Seneca County General Health District,Seneca,Yes,2020-03-01,17,0,0,17,17,0,,,
Seneca County General Health District,Seneca,Yes,2020-04-01,12,0,0,12,12,0,,,
Seneca County General Health District,Seneca,Yes,2020-05-01,40,0,0,40,37,2,,,
Seneca County General Health District,Seneca,Yes,2020-06-01,24,0,0,24,24,0,,,
Seneca County General Health District,Seneca,Yes,2020-07-01,34,0,0,34,32,3,,,
Seneca County General Health District,Seneca,Yes,2020-08-01,53,0,0,53,65,0,,,
Seneca County General Health District,Seneca,Yes,2020-09-01,30,0,0,30,28,3,,,
Seneca County General Health District,Seneca,Yes,2020-10-01,14,0,0,14,10,0,,,
Seneca County General Health District,Seneca,Yes,2020-11-01,22,0,0,22,17,1,,,
Seneca County General Health District,Seneca,Yes,2020-12-01,4,0,0,4,4,0,,,
Southeast Healthcare Services,Franklin,No,2020-01-01,N/A,40,44,84,84,0,,,
Southeast Healthcare Services,Franklin,No,2020-02-01,N/A,31,83,114,114,0,,,
Southeast Healthcare Services,Franklin,No,2020-03-01,N/A,17,101,118,118,0,,,
Southeast Healthcare Services,Franklin,No,2020-04-01,N/A,49,129,178,178,0,,,
Southeast Healthcare Services,Franklin,No,2020-05-01,N/A,27,130,157,157,0,,,
Southeast Healthcare Services,Franklin,No,2020-06-01,N/A,102,484,586,586,0,,,
Southeast Healthcare Services,Franklin,No,2020-07-01,N/A,3,674,677,678,0,,,
Southeast Healthcare Services,Franklin,No,2020-08-01,N/A,4,853,857,857,0,,,
Southeast Healthcare Services,Franklin,No,2020-09-01,N/A,7,767,774,774,0,,,
Southeast Healthcare Services,Franklin,No,2020-10-01,N/A,0,242,242,242,0,,,
Southeast Healthcare Services,Franklin,No,2020-11-01,N/A,2,489,491,491,0,,,
Southeast Healthcare Services,Franklin,No,2020-12-01,N/A,2,185,187,187,0,,,
Southern Ohio Medical Center,Scioto,Yes,2020-01-01,9,0,0,9,8,0,,,
Southern Ohio Medical Center,Scioto,Yes,2020-02-01,40,0,0,40,30,0,,,
Southern Ohio Medical Center,Scioto,Yes,2020-03-01,21,0,0,21,15,0,,,
Southern Ohio Medical Center,Scioto,Yes,2020-04-01,14,0,0,14,9,0,,,
Southern Ohio Medical Center,Scioto,Yes,2020-05-01,17,0,0,17,13,0,,,
Southern Ohio Medical Center,Scioto,Yes,2020-06-01,34,0,0,34,22,0,,,
Southern Ohio Medical Center,Scioto,Yes,2020-07-01,26,0,0,26,18,0,,,
Southern Ohio Medical Center,Scioto,Yes,2020-08-01,5,0,0,5,3,0,,,
Southern Ohio Medical Center,Scioto,Yes,2020-09-01,5,0,0,5,3,0,,,
Southern Ohio Medical Center,Scioto,No,2020-10-01,N/A,11,0,11,10,0,,,
Southern Ohio Medical Center,Scioto,No,2020-11-01,N/A,4,0,4,4,0,,,
Southern Ohio Medical Center,Scioto,No,2020-12-01,N/A,3,0,3,3,0,,,
Stark County Health Department,Stark,No,2020-01-01,N/A,2,0,2,2,0,,,
Stark County Health Department,Stark,No,2020-02-01,N/A,11,0,11,11,0,,,
Stark County Health Department,Stark,No,2020-03-01,N/A,0,0,0,0,0,,,
Stark County Health Department,Stark,No,2020-04-01,N/A,0,0,0,0,0,,,
Stark County Health Department,Stark,No,2020-05-01,N/A,0,0,0,0,0,,,
Stark County Health Department,Stark,No,2020-06-01,N/A,0,0,0,0,0,,,
Stark County Health Department,Stark,No,2020-07-01,N/A,9,0,9,9,0,,,
Stark County Health Department,Stark,No,2020-08-01,N/A,6,0,6,6,0,,,
Stark County Health Department,Stark,No,2020-09-01,N/A,10,0,10,10,0,,,
Stark County Health Department,Stark,No,2020-10-01,N/A,1,0,1,1,0,,,
Stark County Health Department,Stark,No,2020-11-01,N/A,25,0,25,0,0,,,
Stark County Health Department,Stark,No,2020-12-01,N/A,0,0,0,0,0,,,
Summit County Public Health,Summit,Yes,2020-01-01,237,0,0,237,108,81,,,
Summit County Public Health,Summit,Yes,2020-02-01,214,0,0,214,95,68,,,
Summit County Public Health,Summit,Yes,2020-03-01,206,0,0,206,25,34,,,
Summit County Public Health,Summit,Yes,2020-04-01,0,315,0,315,59,91,,,
Summit County Public Health,Summit,Yes,2020-05-01,0,395,0,395,131,157,,,
Summit County Public Health,Summit,Yes,2020-06-01,328,0,0,328,76,156,,,
Summit County Public Health,Summit,Yes,2020-07-01,448,0,0,448,77,191,,,
Summit County Public Health,Summit,Yes,2020-08-01,445,0,0,445,126,165,,,
Summit County Public Health,Summit,Yes,2020-09-01,279,0,192,471,65,135,,,
Summit County Public Health,Summit,Yes,2020-10-01,252,0,0,252,71,101,,,
Summit County Public Health,Summit,Yes,2020-11-01,0,270,0,270,48,145,,,
Summit County Public Health,Summit,Yes,2020-12-01,38,226,60,324,52,126,,,
Toledo-Lucas County Health Department,Lucas,Yes,2020-01-01,136,0,0,136,90,19,,,
Toledo-Lucas County Health Department,Lucas,Yes,2020-02-01,116,0,5,121,74,13,,,
Toledo-Lucas County Health Department,Lucas,Yes,2020-03-01,116,0,98,214,209,29,,,
Toledo-Lucas County Health Department,Lucas,Yes,2020-04-01,41,0,75,116,94,4,,,
Toledo-Lucas County Health Department,Lucas,Yes,2020-05-01,191,0,296,487,432,7,,,
Toledo-Lucas County Health Department,Lucas,Yes,2020-06-01,123,0,384,507,452,23,,,
Toledo-Lucas County Health Department,Lucas,Yes,2020-07-01,8,108,317,433,361,58,,,
Toledo-Lucas County Health Department,Lucas,Yes,2020-08-01,18,120,302,440,328,40,,,
Toledo-Lucas County Health Department,Lucas,Yes,2020-09-01,0,107,221,328,281,43,,,
Toledo-Lucas County Health Department,Lucas,Yes,2020-10-01,0,146,259,405,314,36,,,
Toledo-Lucas County Health Department,Lucas,Yes,2020-11-01,0,160,179,339,234,25,,,
Toledo-Lucas County Health Department,Lucas,Yes,2020-12-01,0,116,148,264,203,29,,,
Trumbull County Combined Health District,Trumbull,No,2020-01-01,N/A,2,8,10,14,0,,,
Trumbull County Combined Health District,Trumbull,No,2020-02-01,N/A,28,8,36,16,3,,,
Trumbull County Combined Health District,Trumbull,No,2020-03-01,N/A,26,0,26,17,0,,,
Trumbull County Combined Health District,Trumbull,No,2020-04-01,N/A,10,0,10,7,2,,,
Trumbull County Combined Health District,Trumbull,No,2020-05-01,N/A,9,0,9,1,3,,,
Trumbull County Combined Health District,Trumbull,No,2020-06-01,N/A,28,0,28,5,2,,,
Trumbull County Combined Health District,Trumbull,No,2020-07-01,N/A,16,0,16,11,0,,,
Trumbull County Combined Health District,Trumbull,No,2020-08-01,N/A,38,0,38,19,0,,,
Trumbull County Combined Health District,Trumbull,No,2020-09-01,N/A,0,0,0,0,0,,,
Trumbull County Combined Health District,Trumbull,Yes,2020-10-01,0,25,0,25,8,2,,,
Trumbull County Combined Health District,Trumbull,Yes,2020-11-01,0,20,0,20,17,0,,,
Trumbull County Combined Health District,Trumbull,Yes,2020-12-01,0,2,25,27,24,1,,,
Tuscarawas County Health Department,Tuscarawas,Yes,2020-01-01,21,0,1,22,22,7,,,
Tuscarawas County Health Department,Tuscarawas,Yes,2020-02-01,11,0,0,11,11,0,,,
Tuscarawas County Health Department,Tuscarawas,Yes,2020-03-01,20,0,0,20,20,0,,,
Tuscarawas County Health Department,Tuscarawas,Yes,2020-04-01,1,0,0,1,1,0,,,
Tuscarawas County Health Department,Tuscarawas,Yes,2020-05-01,14,0,0,14,14,0,,,
Tuscarawas County Health Department,Tuscarawas,Yes,2020-06-01,36,0,0,36,36,4,,,
Tuscarawas County Health Department,Tuscarawas,Yes,2020-07-01,6,0,0,6,6,0,,,
Tuscarawas County Health Department,Tuscarawas,Yes,2020-08-01,12,0,0,12,12,0,,,
Tuscarawas County Health Department,Tuscarawas,Yes,2020-09-01,3,0,0,3,3,2,,,
Tuscarawas County Health Department,Tuscarawas,Yes,2020-10-01,29,0,0,29,28,10,,,
Tuscarawas County Health Department,Tuscarawas,Yes,2020-11-01,47,0,0,47,47,6,,,
Tuscarawas County Health Department,Tuscarawas,Yes,2020-12-01,14,0,0,14,14,2,,,
University of Cincinnati Medical Center - UC Health,Hamilton,No,2020-01-01,N/A,N/A,N/A,N/A,N/A,N/A,,,
University of Cincinnati Medical Center - UC Health,Hamilton,No,2020-02-01,N/A,N/A,N/A,N/A,N/A,N/A,,,
University of Cincinnati Medical Center - UC Health,Hamilton,No,2020-03-01,N/A,N/A,N/A,N/A,N/A,N/A,,,
University of Cincinnati Medical Center - UC Health,Hamilton,No,2020-04-01,N/A,N/A,N/A,N/A,N/A,N/A,,,
University of Cincinnati Medical Center - UC Health,Hamilton,No,2020-05-01,N/A,N/A,N/A,N/A,N/A,N/A,,,
University of Cincinnati Medical Center - UC Health,Hamilton,No,2020-06-01,N/A,N/A,N/A,N/A,N/A,N/A,,,
University of Cincinnati Medical Center - UC Health,Hamilton,No,2020-07-01,N/A,N/A,N/A,N/A,N/A,N/A,,,
University of Cincinnati Medical Center - UC Health,Hamilton,No,2020-08-01,N/A,N/A,N/A,N/A,N/A,N/A,,,
University of Cincinnati Medical Center - UC Health,Hamilton,No,2020-09-01,N/A,N/A,N/A,N/A,N/A,N/A,,,
University of Cincinnati Medical Center - UC Health,Hamilton,Yes,2020-10-01,N/A,N/A,N/A,N/A,N/A,N/A,,,
University of Cincinnati Medical Center - UC Health,Hamilton,Yes,2020-11-01,Not Received,Not Received,Not Received,Not Received,Not Received,Not Received,,,
University of Cincinnati Medical Center - UC Health,Hamilton,Yes,2020-12-01,Not Received,Not Received,Not Received,Not Received,Not Received,Not Received,,,
University Hospitals Cleveland Medical Center,Cuyahoga,No,2020-01-01,N/A,N/A,N/A,N/A,N/A,N/A,,,
University Hospitals Cleveland Medical Center,Cuyahoga,No,2020-02-01,N/A,N/A,N/A,N/A,N/A,N/A,,,
University Hospitals Cleveland Medical Center,Cuyahoga,No,2020-03-01,N/A,N/A,N/A,N/A,N/A,N/A,,,
University Hospitals Cleveland Medical Center,Cuyahoga,No,2020-04-01,N/A,N/A,N/A,N/A,N/A,N/A,,,
University Hospitals Cleveland Medical Center,Cuyahoga,No,2020-05-01,N/A,N/A,N/A,N/A,N/A,N/A,,,
University Hospitals Cleveland Medical Center,Cuyahoga,No,2020-06-01,N/A,N/A,N/A,N/A,N/A,N/A,,,
University Hospitals Cleveland Medical Center,Cuyahoga,No,2020-07-01,N/A,N/A,N/A,N/A,N/A,N/A,,,
University Hospitals Cleveland Medical Center,Cuyahoga,No,2020-08-01,N/A,N/A,N/A,N/A,N/A,N/A,,,
University Hospitals Cleveland Medical Center,Cuyahoga,No,2020-09-01,N/A,N/A,N/A,N/A,N/A,N/A,,,
University Hospitals Cleveland Medical Center,Cuyahoga,Yes,2020-10-01,0,0,11,11,0,0,,,
University Hospitals Cleveland Medical Center,Cuyahoga,Yes,2020-11-01,0,0,7,7,0,0,,,
University Hospitals Cleveland Medical Center,Cuyahoga,Yes,2020-12-01,0,0,17,17,0,0,,,
University of Toledo Medical Center,Lucas,No,2020-01-01,N/A,N/A,N/A,N/A,N/A,N/A,,,
University of Toledo Medical Center,Lucas,No,2020-02-01,N/A,N/A,N/A,N/A,N/A,N/A,,,
University of Toledo Medical Center,Lucas,No,2020-03-01,N/A,N/A,N/A,N/A,N/A,N/A,,,
University of Toledo Medical Center,Lucas,No,2020-04-01,N/A,N/A,N/A,N/A,N/A,N/A,,,
University of Toledo Medical Center,Lucas,No,2020-05-01,N/A,N/A,N/A,N/A,N/A,N/A,,,
University of Toledo Medical Center,Lucas,No,2020-06-01,N/A,N/A,N/A,N/A,N/A,N/A,,,
University of Toledo Medical Center,Lucas,No,2020-07-01,N/A,N/A,N/A,N/A,N/A,N/A,,,
University of Toledo Medical Center,Lucas,No,2020-08-01,N/A,N/A,N/A,N/A,N/A,N/A,,,
University of Toledo Medical Center,Lucas,No,2020-09-01,N/A,N/A,N/A,N/A,N/A,N/A,,,
University of Toledo Medical Center,Lucas,No,2020-10-01,N/A,0,0,0,0,0,,,
University of Toledo Medical Center,Lucas,No,2020-11-01,N/A,0,0,0,0,0,,,
University of Toledo Medical Center,Lucas,No,2020-12-01,N/A,2,0,2,2,0,,,
Union County Health Department,Union,Yes,2020-01-01,37,0,0,37,26,2,,,
Union County Health Department,Union,Yes,2020-02-01,23,0,0,23,22,3,,,
Union County Health Department,Union,Yes,2020-03-01,26,0,0,26,27,1,,,
Union County Health Department,Union,Yes,2020-04-01,18,0,0,18,18,1,,,
Union County Health Department,Union,Yes,2020-05-01,33,15,0,48,48,2,,,
Union County Health Department,Union,Yes,2020-06-01,12,19,0,31,31,0,,,
Union County Health Department,Union,Yes,2020-07-01,10,12,0,22,26,0,,,
Union County Health Department,Union,Yes,2020-08-01,18,10,0,28,28,2,,,
Union County Health Department,Union,Yes,2020-09-01,27,15,0,42,42,1,,,
Union County Health Department,Union,Yes,2020-10-01,Not Received,Not Received,Not Received,Not Received,Not Received,Not Received,,,
Union County Health Department,Union,Yes,2020-11-01,Not Received,Not Received,Not Received,Not Received,Not Received,Not Received,,,
Union County Health Department,Union,Yes,2020-12-01,Not Received,Not Received,Not Received,Not Received,Not Received,Not Received,,,
Vinton County Health Department,Vinton,No,2020-01-01,N/A,18,0,18,18,0,,,
Vinton County Health Department,Vinton,No,2020-02-01,N/A,29,0,29,29,1,,,
Vinton County Health Department,Vinton,No,2020-03-01,N/A,1,0,1,1,1,,,
Vinton County Health Department,Vinton,No,2020-04-01,N/A,1,0,1,1,1,,,
Vinton County Health Department,Vinton,No,2020-05-01,N/A,1,0,1,0,1,,,
Vinton County Health Department,Vinton,No,2020-06-01,N/A,18,0,18,1,2,,,
Vinton County Health Department,Vinton,No,2020-07-01,N/A,1,0,1,1,1,,,
Vinton County Health Department,Vinton,No,2020-08-01,N/A,1,0,1,1,1,,,
Vinton County Health Department,Vinton,No,2020-09-01,N/A,0,0,0,0,0,,,
Vinton County Health Department,Vinton,No,2020-10-01,N/A,0,0,0,0,0,,,
Vinton County Health Department,Vinton,No,2020-11-01,N/A,0,0,0,0,0,,,
Vinton County Health Department,Vinton,No,2020-12-01,N/A,2,0,2,0,0,,,
Washington County Health Department,Washington,No,2020-01-01,N/A,2,0,2,2,5,,,
Washington County Health Department,Washington,No,2020-02-01,N/A,1,4,5,5,1,,,
Washington County Health Department,Washington,No,2020-03-01,N/A,0,6,6,6,0,,,
Washington County Health Department,Washington,No,2020-04-01,N/A,0,0,0,0,0,,,
Washington County Health Department,Washington,No,2020-05-01,N/A,0,0,0,0,0,,,
Washington County Health Department,Washington,No,2020-06-01,N/A,6,0,6,6,3,,,
Washington County Health Department,Washington,No,2020-07-01,N/A,3,0,3,3,0,,,
Washington County Health Department,Washington,No,2020-08-01,N/A,4,0,4,4,0,,,
Washington County Health Department,Washington,No,2020-09-01,N/A,5,0,5,5,3,,,
Washington County Health Department,Washington,No,2020-10-01,N/A,1,0,1,1,1,,,
Washington County Health Department,Washington,No,2020-11-01,N/A,0,0,0,0,0,,,
Washington County Health Department,Washington,No,2020-12-01,N/A,0,0,0,0,0,,,
Wayne County Health Department,Wayne,No,2020-01-01,N/A,4,0,4,4,0,,,
Wayne County Health Department,Wayne,No,2020-02-01,N/A,0,0,0,0,0,,,
Wayne County Health Department,Wayne,No,2020-03-01,N/A,3,0,3,0,3,,,
Wayne County Health Department,Wayne,No,2020-04-01,N/A,0,0,0,0,0,,,
Wayne County Health Department,Wayne,No,2020-05-01,N/A,1,0,1,0,0,,,
Wayne County Health Department,Wayne,No,2020-06-01,N/A,0,0,0,0,0,,,
Wayne County Health Department,Wayne,No,2020-07-01,N/A,3,0,3,0,0,,,
Wayne County Health Department,Wayne,No,2020-08-01,N/A,2,0,2,0,0,,,
Wayne County Health Department,Wayne,No,2020-09-01,N/A,Not Received,Not Received,Not Received,Not Received,Not Received,,,
Wayne County Health Department,Wayne,No,2020-10-01,N/A,Not Received,Not Received,Not Received,Not Received,Not Received,,,
Wayne County Health Department,Wayne,No,2020-11-01,N/A,Not Received,Not Received,Not Received,Not Received,Not Received,,,
Wayne County Health Department,Wayne,No,2020-12-01,N/A,Not Received,Not Received,Not Received,Not Received,Not Received,,,
Zanesville-Muskingum County Health Department,Muskingum,Yes,2020-01-01,65,19,0,84,104,14,,,
Zanesville-Muskingum County Health Department,Muskingum,Yes,2020-02-01,30,23,0,53,61,19,,,
Zanesville-Muskingum County Health Department,Muskingum,Yes,2020-03-01,20,0,0,20,20,10,,,
Zanesville-Muskingum County Health Department,Muskingum,Yes,2020-04-01,1,0,0,1,2,0,,,
Zanesville-Muskingum County Health Department,Muskingum,Yes,2020-05-01,41,0,0,41,44,4,,,
Zanesville-Muskingum County Health Department,Muskingum,Yes,2020-06-01,34,0,0,34,32,5,,,
Zanesville-Muskingum County Health Department,Muskingum,Yes,2020-07-01,18,0,0,18,18,0,,,
Zanesville-Muskingum County Health Department,Muskingum,Yes,2020-08-01,58,0,0,58,58,1,,,
Zanesville-Muskingum County Health Department,Muskingum,Yes,2020-09-01,43,0,0,43,43,12,,,
Zanesville-Muskingum County Health Department,Muskingum,Yes,2020-10-01,33,0,0,33,33,11,,,
Zanesville-Muskingum County Health Department,Muskingum,Yes,2020-11-01,22,0,0,22,21,15,,,
Zanesville-Muskingum County Health Department,Muskingum,Yes,2020-12-01,16,0,0,16,14,8,,,
,,,,,,,,,,,,
,,,,,,,,,,,,
TOTAL,,,,35548,24758,26417,86723,61800,15587,,,
